Date,Adj Close,Close,High,Low,Open,Volume
2020-12-21,140.91700744628906,162.42999267578125,162.8000030517578,159.55999755859375,161.5500030517578,3077300
2020-12-22,140.99508666992188,162.52000427246094,163.4600067138672,162.05999755859375,162.19000244140625,2640900
2020-12-23,139.65904235839844,160.97999572753906,163.22999572753906,160.80999755859375,162.1999969482422,2012400
2020-12-24,140.23162841796875,161.63999938964844,161.85000610351562,160.47999572753906,160.72000122070312,1044400
2020-12-28,140.08413696289062,161.47000122070312,163.75999450683594,161.0,163.75999450683594,2139300
2020-12-29,139.83255004882812,161.17999267578125,162.67999267578125,160.57000732421875,161.9600067138672,2433700
2020-12-30,141.15121459960938,162.6999969482422,163.1300048828125,161.75999450683594,161.88999938964844,2213800
2020-12-31,142.391845703125,164.1300048828125,164.38999938964844,161.88999938964844,162.8699951171875,2906200
2021-01-04,140.7347869873047,162.22000122070312,167.83999633789062,160.75999450683594,164.60000610351562,4659900
2021-01-05,141.76724243164062,163.41000366210938,163.52999877929688,161.27999877929688,161.6999969482422,4734100
2021-01-06,142.46994018554688,164.22000122070312,167.4499969482422,162.07000732421875,162.3000030517578,5254400
2021-01-07,145.69725036621094,167.94000244140625,168.6999969482422,164.82000732421875,165.3300018310547,5673600
2021-01-08,148.4907684326172,171.16000366210938,172.75,168.86000061035156,171.1199951171875,4556500
2021-01-11,148.6209259033203,171.30999755859375,172.0399932861328,169.13999938964844,170.24000549316406,4553100
2021-01-12,149.47976684570312,172.3000030517578,173.66000366210938,170.97000122070312,171.2899932861328,3406600
2021-01-13,148.7076873779297,171.41000366210938,172.85000610351562,170.8699951171875,172.2899932861328,2953900
2021-01-14,148.96792602539062,171.7100067138672,172.5399932861328,170.35000610351562,171.10000610351562,3416300
2021-01-15,146.7816619873047,169.19000244140625,171.08999633789062,167.57000732421875,170.97999572753906,3734600
2021-01-19,151.1194610595703,174.19000244140625,174.6999969482422,171.19000244140625,171.19000244140625,6277800
2021-01-20,150.37335205078125,173.3300018310547,175.17999267578125,172.7899932861328,174.83999633789062,4329500
2021-01-21,151.90896606445312,175.10000610351562,175.47000122070312,172.11000061035156,174.4199981689453,3583900
2021-01-22,149.9222412109375,172.80999755859375,175.4499969482422,172.75,174.49000549316406,3736800
2021-01-25,150.01766967773438,172.9199981689453,174.57000732421875,170.67999267578125,173.3699951171875,5401900
2021-01-26,148.7597198486328,171.47000122070312,174.27999877929688,171.3000030517578,172.07000732421875,5341900
2021-01-27,141.3507843017578,162.92999267578125,167.6199951171875,162.0399932861328,166.4499969482422,10011200
2021-01-28,146.81637573242188,169.22999572753906,171.10000610351562,165.13999938964844,167.8800048828125,6796600
2021-01-29,144.6168975830078,165.69000244140625,168.0,164.02000427246094,166.64999389648438,5969800
2021-02-01,150.52584838867188,172.4600067138672,173.0,167.02000427246094,167.36000061035156,5715600
2021-02-02,152.52459716796875,174.75,175.6999969482422,172.00999450683594,173.0500030517578,4861200
2021-02-03,147.13931274414062,168.5800018310547,175.25999450683594,168.5,174.77999877929688,5019200
2021-02-04,150.12432861328125,172.0,172.1199951171875,168.05999755859375,169.9600067138672,3519800
2021-02-05,148.317626953125,169.92999267578125,173.17999267578125,168.05999755859375,172.8000030517578,4045000
2021-02-08,152.84754943847656,175.1199951171875,175.38999938964844,170.83999633789062,171.33999633789062,4597600
2021-02-09,151.59942626953125,173.69000244140625,175.22000122070312,173.3300018310547,174.5,2777700
2021-02-10,152.1842041015625,174.36000061035156,176.13999938964844,172.6199951171875,175.1999969482422,3414600
2021-02-11,156.4261016845703,179.22000122070312,179.64999389648438,175.44000244140625,176.0,4776000
2021-02-12,156.79266357421875,179.63999938964844,179.89999389648438,177.3300018310547,178.0,2532500
2021-02-16,157.77020263671875,180.75999450683594,181.8000030517578,178.83999633789062,180.0,3887600
2021-02-17,155.82383728027344,178.52999877929688,180.2100067138672,176.36000061035156,178.32000732421875,4315100
2021-02-18,154.06076049804688,176.50999450683594,177.52000427246094,174.1999969482422,177.42999267578125,4195100
2021-02-19,155.66676330566406,178.35000610351562,179.57000732421875,176.63999938964844,177.86000061035156,4248500
2021-02-22,151.07571411132812,173.08999633789062,176.9199981689453,172.67999267578125,176.0,4386900
2021-02-23,150.8662567138672,172.85000610351562,174.44000244140625,168.50999450683594,174.1699981689453,6514400
2021-02-24,156.57447814941406,179.38999938964844,179.77000427246094,170.57000732421875,171.6300048828125,5100500
2021-02-25,148.84133911132812,170.52999877929688,178.5,170.05999755859375,178.5,6099600
2021-02-26,150.36001586914062,172.27000427246094,173.85000610351562,169.1300048828125,173.27999877929688,6060600
2021-03-01,155.0731964111328,177.6699981689453,177.86000061035156,173.08999633789062,174.5,4771500
2021-03-02,152.64682006835938,174.88999938964844,177.66000366210938,174.14999389648438,177.57000732421875,5401500
2021-03-03,148.89370727539062,170.58999633789062,175.6199951171875,170.36000061035156,174.08999633789062,4715900
2021-03-04,142.48719787597656,163.25,170.85000610351562,161.6699981689453,170.5,8318900
2021-03-05,146.5806884765625,167.94000244140625,168.8300018310547,162.02999877929688,167.5399932861328,5681200
2021-03-08,141.49221801757812,162.11000061035156,168.27000427246094,161.77000427246094,166.38999938964844,6065400
2021-03-09,148.6929473876953,170.36000061035156,171.85000610351562,166.2899932861328,167.1699981689453,7610300
2021-03-10,147.87246704101562,169.4199981689453,173.0,169.30999755859375,171.64999389648438,4270500
2021-03-11,152.6991424560547,174.9499969482422,175.60000610351562,172.47000122070312,172.50999450683594,5002700
2021-03-12,151.4946746826172,173.57000732421875,174.10000610351562,170.75,173.02000427246094,3514600
2021-03-15,152.66421508789062,174.91000366210938,175.08999633789062,171.75999450683594,173.47000122070312,3876500
2021-03-16,154.61061096191406,177.13999938964844,178.80999755859375,175.8300018310547,176.25,4132600
2021-03-17,156.53955078125,179.35000610351562,180.17999267578125,174.4199981689453,175.44000244140625,4004800
2021-03-18,152.1842041015625,174.36000061035156,179.77000427246094,174.24000549316406,176.16000366210938,4214400
2021-03-19,153.59814453125,175.97999572753906,178.0500030517578,172.4499969482422,175.69000244140625,8447300
2021-03-22,157.19415283203125,180.10000610351562,181.69000244140625,177.75,178.2899932861328,4476100
2021-03-23,156.04202270507812,178.77999877929688,182.57000732421875,177.7100067138672,181.91000366210938,4688500
2021-03-24,156.1467742919922,178.89999389648438,182.69000244140625,178.77999877929688,179.99000549316406,5056100
2021-03-25,155.78897094726562,178.49000549316406,179.4499969482422,173.75,177.52999877929688,4878500
2021-03-26,164.26397705078125,188.1999969482422,188.8699951171875,177.00999450683594,177.75999450683594,6363500
2021-03-29,162.50088500976562,186.17999267578125,187.6999969482422,183.74000549316406,184.85000610351562,4983600
2021-03-30,162.29139709472656,185.94000244140625,188.50999450683594,184.6199951171875,188.50999450683594,4458700
2021-03-31,164.9534912109375,188.99000549316406,190.4499969482422,186.52999877929688,187.60000610351562,5427500
2021-04-01,167.633056640625,192.05999755859375,192.5399932861328,190.02000427246094,191.11000061035156,4581300
2021-04-05,171.88365173339844,196.92999267578125,197.5800018310547,193.6300048828125,194.0,4323900
2021-04-06,169.84127807617188,194.58999633789062,196.83999633789062,193.0399932861328,194.22000122070312,3506900
2021-04-07,168.5320587158203,193.08999633789062,194.49000549316406,191.50999450683594,194.4600067138672,3678900
2021-04-08,170.37368774414062,195.1999969482422,196.08999633789062,193.35000610351562,196.08999633789062,3157200
2021-04-09,170.57444763183594,195.42999267578125,195.55999755859375,192.74000549316406,193.30999755859375,3127300
2021-04-12,167.95596313476562,192.42999267578125,194.72000122070312,191.33999633789062,192.63999938964844,4504800
2021-04-13,166.91734313964844,191.24000549316406,193.0,189.75999450683594,192.13999938964844,4009300
2021-04-14,166.12307739257812,190.3300018310547,191.5,189.00999450683594,190.4600067138672,3555000
2021-04-15,168.6018829345703,193.1699981689453,193.52999877929688,190.82000732421875,191.92999267578125,4471900
2021-04-16,167.51956176757812,191.92999267578125,194.77999877929688,191.63999938964844,193.66000366210938,5792900
2021-04-19,163.26893615722656,187.05999755859375,191.10000610351562,186.72000122070312,190.35000610351562,5334900
2021-04-20,161.70664978027344,185.27000427246094,186.97999572753906,184.27999877929688,186.97999572753906,4258900
2021-04-21,164.87498474121094,188.89999389648438,189.13999938964844,184.9600067138672,187.89999389648438,4796500
2021-04-22,162.16920471191406,185.8000030517578,188.7899932861328,184.77000427246094,186.66000366210938,3853100
2021-04-23,164.8050994873047,188.82000732421875,190.00999450683594,186.50999450683594,187.02000427246094,3512400
2021-04-26,167.0220489501953,191.36000061035156,192.17999267578125,187.88999938964844,188.86000061035156,3842300
2021-04-27,166.01832580566406,190.2100067138672,192.50999450683594,189.77999877929688,191.05999755859375,3864100
2021-04-28,158.69537353515625,181.82000732421875,184.0,180.0,181.63999938964844,9434200
2021-04-29,162.18667602539062,185.82000732421875,186.0500030517578,182.64999389648438,183.6300048828125,4547300
2021-04-30,158.42160034179688,180.50999450683594,182.89999389648438,179.1300048828125,182.17999267578125,6193600
2021-05-03,156.92088317871094,178.8000030517578,181.8000030517578,177.55999755859375,181.49000549316406,5136100
2021-05-04,157.12271118164062,179.02999877929688,179.25,175.52999877929688,178.25999450683594,5222300
2021-05-05,159.42213439941406,181.64999389648438,183.17999267578125,179.47999572753906,181.00999450683594,5257100
2021-05-06,161.72152709960938,184.27000427246094,184.83999633789062,179.9499969482422,181.92999267578125,4525800
2021-05-07,164.784423828125,187.75999450683594,188.10000610351562,185.4199981689453,186.6999969482422,4591400
2021-05-10,159.77316284179688,182.0500030517578,187.2899932861328,181.82000732421875,187.2899932861328,4580400
2021-05-11,160.78244018554688,183.1999969482422,183.52999877929688,177.41000366210938,178.41000366210938,4641300
2021-05-12,154.9900665283203,176.60000610351562,180.10000610351562,176.27000427246094,179.69000244140625,5297900
2021-05-13,157.08763122558594,178.99000549316406,180.6300048828125,177.25,179.99000549316406,4361000
2021-05-14,160.84390258789062,183.27000427246094,184.9199981689453,179.5,180.6999969482422,4433500
2021-05-17,158.70245361328125,180.8300018310547,182.3800048828125,178.85000610351562,182.25,4162300
2021-05-18,156.98228454589844,178.8699951171875,181.86000061035156,178.58999633789062,181.11000061035156,3454100
2021-05-19,159.48355102539062,181.72000122070312,181.92999267578125,175.0,175.24000549316406,4780000
2021-05-20,162.62548828125,185.3000030517578,186.5399932861328,182.27999877929688,182.27999877929688,5387000
2021-05-21,162.37095642089844,185.00999450683594,186.69000244140625,184.13999938964844,186.69000244140625,3682300
2021-05-24,165.60067749023438,188.69000244140625,189.35000610351562,186.4499969482422,186.4499969482422,4175900
2021-05-25,165.6094207763672,188.6999969482422,189.67999267578125,187.8800048828125,189.47000122070312,4270100
2021-05-26,165.31106567382812,188.36000061035156,189.77999877929688,186.92999267578125,188.05999755859375,4221600
2021-05-27,165.98684692382812,189.1300048828125,190.0500030517578,187.8800048828125,188.74000549316406,10107700
2021-05-28,166.59243774414062,189.82000732421875,191.02999877929688,189.27000427246094,190.0500030517578,3306500
2021-06-01,165.87274169921875,189.0,192.02999877929688,188.0399932861328,191.3800048828125,4817300
2021-06-02,167.40859985351562,190.75,190.86000061035156,188.33999633789062,189.5,3137900
2021-06-03,163.23980712890625,186.0,187.86000061035156,184.89999389648438,187.69000244140625,4205300
2021-06-04,166.81178283691406,190.07000732421875,190.3800048828125,187.47999572753906,187.77999877929688,3462900
2021-06-07,165.47779846191406,188.5500030517578,189.8000030517578,187.66000366210938,189.1999969482422,2726100
2021-06-08,164.05601501464844,186.92999267578125,189.97000122070312,186.11000061035156,189.97000122070312,3063600
2021-06-09,163.63478088378906,186.4499969482422,188.1300048828125,186.1699981689453,188.08999633789062,2866900
2021-06-10,164.9950714111328,188.0,188.89999389648438,185.89999389648438,186.33999633789062,3188700
2021-06-11,165.5831298828125,188.6699981689453,188.74000549316406,186.94000244140625,188.0800018310547,2309400
2021-06-14,166.97857666015625,190.25999450683594,190.35000610351562,187.07000732421875,188.25999450683594,3360300
2021-06-15,165.53045654296875,188.61000061035156,190.72999572753906,188.1199951171875,190.4600067138672,2600100
2021-06-16,164.75811767578125,187.72999572753906,190.49000549316406,186.3000030517578,189.91000366210938,3357900
2021-06-17,164.6879425048828,187.64999389648438,189.52999877929688,186.1999969482422,187.24000549316406,3222300
2021-06-18,160.66835021972656,183.07000732421875,186.30999755859375,182.5,186.00999450683594,7535200
2021-06-21,163.33636474609375,186.11000061035156,186.63999938964844,183.36000061035156,184.25,3771200
2021-06-22,164.1525421142578,187.0399932861328,187.27999877929688,184.33999633789062,185.49000549316406,3299700
2021-06-23,163.3275909423828,186.10000610351562,187.47999572753906,185.99000549316406,186.47999572753906,2473300
2021-06-24,165.53045654296875,188.61000061035156,188.6999969482422,187.4499969482422,188.0500030517578,2876700
2021-06-25,165.14427185058594,188.1699981689453,190.25,187.35000610351562,188.0500030517578,4639100
2021-06-28,168.09315490722656,191.52999877929688,192.3800048828125,188.97000122070312,188.97000122070312,3228700
2021-06-29,169.27792358398438,192.8800048828125,193.00999450683594,190.92999267578125,191.52000427246094,2108700
2021-06-30,168.7689208984375,192.3000030517578,193.0,191.49000549316406,192.83999633789062,2687600
2021-07-01,167.48753356933594,190.83999633789062,192.47999572753906,190.05999755859375,192.02000427246094,3455900
2021-07-02,168.68991088867188,192.2100067138672,192.8000030517578,190.91000366210938,192.6300048828125,2389900
2021-07-06,167.8035125732422,191.1999969482422,192.77000427246094,189.5500030517578,192.5800018310547,2619600
2021-07-07,166.55728149414062,189.77999877929688,192.99000549316406,188.97999572753906,192.77000427246094,2749500
2021-07-08,165.20571899414062,188.24000549316406,189.3000030517578,185.3699951171875,187.55999755859375,3146900
2021-07-09,166.98731994628906,190.27000427246094,190.8699951171875,187.0,188.1699981689453,3109200
2021-07-12,168.43540954589844,191.9199981689453,192.02000427246094,190.08999633789062,190.5500030517578,4069500
2021-07-13,167.8035125732422,191.1999969482422,192.4600067138672,190.72000122070312,191.22999572753906,2695100
2021-07-14,167.8737335205078,191.27999877929688,194.08999633789062,190.72999572753906,193.0,3590200
2021-07-15,165.2232666015625,188.25999450683594,191.27999877929688,187.39999389648438,190.47000122070312,4259900
2021-07-16,163.34510803222656,186.1199951171875,190.24000549316406,185.72999572753906,189.27000427246094,4337500
2021-07-19,163.45045471191406,186.24000549316406,186.3300018310547,183.3699951171875,184.27999877929688,4181300
2021-07-20,164.79327392578125,187.77000427246094,189.17999267578125,185.75999450683594,187.05999755859375,4287300
2021-07-21,170.47152709960938,194.24000549316406,194.25,188.4499969482422,188.4499969482422,6352800
2021-07-22,161.4055633544922,183.91000366210938,187.66000366210938,183.52999877929688,185.74000549316406,12673900
2021-07-23,164.90040588378906,186.85000610351562,186.92999267578125,182.16000366210938,184.19000244140625,5983000
2021-07-26,166.14474487304688,188.25999450683594,188.99000549316406,185.30999755859375,185.36000061035156,4516600
2021-07-27,163.38243103027344,185.1300048828125,187.83999633789062,182.22999572753906,187.52000427246094,4649900
2021-07-28,164.90040588378906,186.85000610351562,187.5,185.02000427246094,186.32000732421875,2956700
2021-07-29,167.53033447265625,189.8300018310547,190.4600067138672,187.4600067138672,187.83999633789062,3081800
2021-07-30,168.22750854492188,190.6199951171875,190.9499969482422,188.3699951171875,188.5,2521600
2021-08-02,168.3157501220703,190.72000122070312,193.60000610351562,190.41000366210938,192.39999389648438,2922600
2021-08-03,167.0978546142578,189.33999633789062,191.4499969482422,187.44000244140625,190.92999267578125,3703400
2021-08-04,169.78074645996094,192.3800048828125,193.3699951171875,189.25,189.88999938964844,3793600
2021-08-05,170.46914672851562,193.16000366210938,193.89999389648438,191.58999633789062,193.8000030517578,2769500
2021-08-06,170.29263305664062,192.9600067138672,193.6300048828125,192.19000244140625,192.3699951171875,2414300
2021-08-09,168.07749938964844,190.4499969482422,193.52999877929688,190.3300018310547,193.27999877929688,2395900
2021-08-10,167.37144470214844,189.64999389648438,190.5399932861328,186.82000732421875,190.5399932861328,3497100
2021-08-11,167.23907470703125,189.5,191.1699981689453,188.0,191.1699981689453,2339300
2021-08-12,165.80056762695312,187.8699951171875,189.05999755859375,186.16000366210938,188.85000610351562,3949600
2021-08-13,166.5330352783203,188.6999969482422,188.77999877929688,187.0,187.5399932861328,1923700
2021-08-16,167.54795837402344,189.85000610351562,189.9600067138672,188.10000610351562,188.49000549316406,2506100
2021-08-17,164.43264770507812,186.32000732421875,188.74000549316406,185.10000610351562,188.5500030517578,3411800
2021-08-18,162.2086639404297,183.8000030517578,186.55999755859375,183.55999755859375,185.7100067138672,2862500
2021-08-19,163.302978515625,185.0399932861328,185.97000122070312,181.9600067138672,182.75,3871700
2021-08-20,163.24124145507812,184.97000122070312,186.16000366210938,183.32000732421875,185.25999450683594,3855300
2021-08-23,165.7829132080078,187.85000610351562,188.63999938964844,185.57000732421875,185.8000030517578,3529000
2021-08-24,165.75645446777344,187.82000732421875,189.52999877929688,187.52999877929688,187.9199981689453,3268200
2021-08-25,165.99468994140625,188.08999633789062,189.1199951171875,187.3300018310547,188.3699951171875,3163600
2021-08-26,165.88880920410156,187.97000122070312,188.58999633789062,186.57000732421875,187.66000366210938,3643700
2021-08-27,168.13926696777344,190.52000427246094,190.8000030517578,188.05999755859375,188.39999389648438,2859800
2021-08-30,168.94236755371094,191.42999267578125,192.2899932861328,190.7100067138672,191.38999938964844,2356500
2021-08-31,168.4834442138672,190.91000366210938,192.6999969482422,189.11000061035156,192.10000610351562,4227500
2021-09-01,166.22418212890625,188.35000610351562,191.77999877929688,188.1699981689453,191.77999877929688,4536600
2021-09-02,167.15965270996094,189.41000366210938,189.4199981689453,188.0399932861328,189.2100067138672,2061400
2021-09-03,167.57444763183594,189.8800048828125,190.8300018310547,188.1999969482422,188.6699981689453,2103400
2021-09-07,167.20376586914062,189.4600067138672,190.10000610351562,188.47999572753906,189.3300018310547,2295900
2021-09-08,166.62132263183594,188.8000030517578,189.0399932861328,187.1199951171875,188.5,2021600
2021-09-09,166.3301239013672,188.47000122070312,190.6300048828125,188.25999450683594,189.66000366210938,1827900
2021-09-10,168.25396728515625,190.64999389648438,193.4499969482422,189.33999633789062,189.33999633789062,3331700
2021-09-13,171.1928253173828,193.97999572753906,194.1300048828125,191.24000549316406,192.9600067138672,3687200
2021-09-14,172.1901092529297,195.11000061035156,196.33999633789062,193.8000030517578,195.0,3239600
2021-09-15,174.29928588867188,197.5,197.58999633789062,194.8300018310547,196.1300048828125,3995900
2021-09-16,173.69920349121094,196.82000732421875,197.33999633789062,194.85000610351562,196.58999633789062,2661500
2021-09-17,173.19613647460938,196.25,197.30999755859375,194.61000061035156,197.30999755859375,5819300
2021-09-20,169.96609497070312,192.58999633789062,193.74000549316406,189.75999450683594,192.8800048828125,4614300
2021-09-21,170.29263305664062,192.9600067138672,194.49000549316406,190.83999633789062,193.9600067138672,3093400
2021-09-22,172.90492248535156,195.9199981689453,196.6999969482422,193.74000549316406,194.75,3526100
2021-09-23,175.33184814453125,198.6699981689453,199.10000610351562,195.7899932861328,196.3000030517578,2756900
2021-09-24,177.0792694091797,200.64999389648438,200.9199981689453,197.1199951171875,197.3699951171875,3191500
2021-09-27,176.796875,200.3300018310547,200.4499969482422,197.6699981689453,198.22999572753906,3022300
2021-09-28,171.9959259033203,194.88999938964844,199.11000061035156,194.5500030517578,197.49000549316406,4274600
2021-09-29,170.3896942138672,193.07000732421875,195.82000732421875,192.11000061035156,194.52999877929688,3436800
2021-09-30,169.6307373046875,192.2100067138672,194.99000549316406,192.10000610351562,194.47999572753906,3270800
2021-10-01,171.02513122558594,193.7899932861328,194.3300018310547,190.17999267578125,193.42999267578125,2986100
2021-10-04,168.0333709716797,190.39999389648438,194.3800048828125,189.02999877929688,193.0399932861328,3934100
2021-10-05,171.1045684814453,193.8800048828125,195.22000122070312,190.67999267578125,192.22999572753906,3860200
2021-10-06,171.55467224121094,194.38999938964844,194.66000366210938,191.60000610351562,192.0500030517578,3103400
2021-10-07,172.3665771484375,195.30999755859375,197.75,195.02999877929688,195.80999755859375,2873200
2021-10-08,172.3048095703125,195.24000549316406,196.3699951171875,193.99000549316406,196.17999267578125,2574100
2021-10-11,170.6544647216797,193.3699951171875,196.22999572753906,193.30999755859375,194.88999938964844,2280200
2021-10-12,166.3389129638672,188.47999572753906,194.22999572753906,187.33999633789062,193.9199981689453,6225100
2021-10-13,165.12103271484375,187.10000610351562,189.3800048828125,186.52000427246094,189.16000366210938,3796500
2021-10-14,169.8778533935547,192.49000549316406,192.5800018310547,188.92999267578125,189.3699951171875,3412800
2021-10-15,171.60760498046875,194.4499969482422,194.8000030517578,192.63999938964844,192.86000061035156,2648900
2021-10-18,172.01356506347656,194.91000366210938,196.05999755859375,191.6199951171875,193.1699981689453,2804600
2021-10-19,174.9435577392578,198.22999572753906,198.5399932861328,193.83999633789062,194.61000061035156,2666100
2021-10-20,175.95848083496094,199.3800048828125,200.02000427246094,197.0500030517578,198.10000610351562,3043300
2021-10-21,177.64410400390625,201.2899932861328,201.5800018310547,199.0,199.64999389648438,3276300
2021-10-22,175.68490600585938,199.07000732421875,202.22000122070312,198.13999938964844,201.5500030517578,3649200
2021-10-25,176.68214416503906,200.1999969482422,202.25999450683594,199.05999755859375,200.0,4254900
2021-10-26,173.8404083251953,196.97999572753906,200.39999389648438,196.49000549316406,200.0800018310547,5837500
2021-10-27,165.12103271484375,187.10000610351562,188.52000427246094,183.5500030517578,185.63999938964844,10365500
2021-10-28,165.80056762695312,187.8699951171875,189.60000610351562,186.22999572753906,187.77000427246094,5123000
2021-10-29,166.47540283203125,187.47999572753906,188.36000061035156,186.22999572753906,186.38999938964844,4552200
2021-11-01,166.46652221679688,187.47000122070312,188.57000732421875,186.0800018310547,186.72999572753906,4203900
2021-11-02,168.12704467773438,189.33999633789062,189.3699951171875,186.11000061035156,186.14999389648438,4009600
2021-11-03,167.9938201904297,189.19000244140625,190.11000061035156,186.6699981689453,188.67999267578125,3666900
2021-11-04,169.69873046875,191.11000061035156,191.22000122070312,188.4199981689453,189.5,4828000
2021-11-05,171.73214721679688,193.39999389648438,195.42999267578125,191.82000732421875,193.64999389648438,4510500
2021-11-08,170.80868530273438,192.36000061035156,195.3800048828125,191.72000122070312,194.0399932861328,5213900
2021-11-09,169.4145965576172,190.7899932861328,193.9499969482422,190.38999938964844,192.6300048828125,4314700
2021-11-10,166.0669403076172,187.02000427246094,190.97000122070312,186.47999572753906,189.63999938964844,4304600
2021-11-11,167.46995544433594,188.60000610351562,188.82000732421875,187.24000549316406,188.63999938964844,2554800
2021-11-12,168.78408813476562,190.0800018310547,191.83999633789062,187.30999755859375,188.91000366210938,3121700
2021-11-15,168.0293731689453,189.22999572753906,191.91000366210938,188.5,191.22000122070312,2985200
2021-11-16,167.39889526367188,188.52000427246094,190.25,188.16000366210938,189.10000610351562,3312000
2021-11-17,168.33128356933594,189.57000732421875,190.24000549316406,187.25,188.41000366210938,4167800
2021-11-18,171.7943115234375,193.47000122070312,194.16000366210938,190.13999938964844,190.57000732421875,4677300
2021-11-19,173.2949981689453,195.16000366210938,195.25,192.6199951171875,193.88999938964844,5129100
2021-11-22,170.9329833984375,192.5,196.91000366210938,192.22000122070312,195.6999969482422,4712300
2021-11-23,171.05731201171875,192.63999938964844,193.64999389648438,190.47000122070312,193.61000061035156,4881400
2021-11-24,171.90977478027344,193.60000610351562,193.6699981689453,190.10000610351562,192.86000061035156,6494000
2021-11-26,167.1680450439453,188.25999450683594,192.52000427246094,187.3699951171875,189.86000061035156,3324900
2021-11-29,172.60235595703125,194.3800048828125,194.72999572753906,189.80999755859375,191.07000732421875,4576200
2021-11-30,170.81756591796875,192.3699951171875,194.6999969482422,191.0,193.30999755859375,8775600
2021-12-01,170.27590942382812,191.75999450683594,199.89999389648438,191.6300048828125,195.72999572753906,7279100
2021-12-02,171.89198303222656,193.5800018310547,194.91000366210938,190.0,190.4600067138672,4236700
2021-12-03,171.71441650390625,193.3800048828125,196.02999877929688,191.67999267578125,194.6300048828125,4901000
2021-12-06,172.8065948486328,194.61000061035156,195.25,189.75999450683594,195.1699981689453,4084600
2021-12-07,176.73141479492188,199.02999877929688,199.86000061035156,195.92999267578125,196.39999389648438,5815600
2021-12-08,174.38717651367188,196.38999938964844,198.5,193.8699951171875,198.5,4255900
2021-12-09,171.73214721679688,193.39999389648438,196.89999389648438,193.25,195.57000732421875,3626700
2021-12-10,174.0408935546875,196.0,196.36000061035156,192.80999755859375,196.02000427246094,3264200
2021-12-13,171.590087890625,193.24000549316406,196.74000549316406,192.91000366210938,196.10000610351562,6178300
2021-12-14,168.95285034179688,190.27000427246094,191.67999267578125,188.16000366210938,190.97000122070312,6130400
2021-12-15,171.7677001953125,193.44000244140625,193.7100067138672,187.8699951171875,192.0,6342000
2021-12-16,167.15028381347656,188.24000549316406,194.22999572753906,187.72000122070312,194.0,5452300
2021-12-17,165.42762756347656,186.3000030517578,189.3800048828125,185.6300048828125,187.3800048828125,8427700
2021-12-20,163.5984344482422,184.24000549316406,185.05999755859375,182.77000427246094,183.64999389648438,4474300
2021-12-21,165.48977661132812,186.3699951171875,187.49000549316406,184.24000549316406,187.42999267578125,6089400
2021-12-22,165.9870147705078,186.92999267578125,187.00999450683594,184.16000366210938,185.99000549316406,3375500
2021-12-23,166.40440368652344,187.39999389648438,188.94000244140625,187.0,187.24000549316406,3266500
2021-12-27,170.346923828125,191.83999633789062,191.9499969482422,188.07000732421875,188.0800018310547,3405600
2021-12-28,169.68983459472656,191.10000610351562,192.86000061035156,190.3800048828125,192.8000030517578,2806900
2021-12-29,169.432373046875,190.80999755859375,193.27999877929688,190.75999450683594,191.38999938964844,2754900
2021-12-30,168.18919372558594,189.41000366210938,191.8699951171875,189.00999450683594,190.8699951171875,2109200
2021-12-31,167.35452270507812,188.47000122070312,190.0,188.27000427246094,189.41000366210938,2813900
2022-01-03,169.24588012695312,190.60000610351562,190.6199951171875,187.4600067138672,188.82000732421875,3781500
2022-01-04,169.4234619140625,190.8000030517578,192.10000610351562,188.1999969482422,191.0,4137500
2022-01-05,165.88937377929688,186.82000732421875,191.61000061035156,186.64999389648438,190.41000366210938,5047400
2022-01-06,165.83609008789062,186.75999450683594,188.52000427246094,185.7899932861328,186.6699981689453,4502600
2022-01-07,159.336181640625,179.44000244140625,184.05999755859375,178.89999389648438,181.97000122070312,7414200
2022-01-10,162.46182250976562,182.9600067138672,183.22999572753906,176.8800048828125,177.89999389648438,7195800
2022-01-11,163.95359802246094,184.63999938964844,186.0800018310547,181.2100067138672,182.5,5239300
2022-01-12,165.18788146972656,186.02999877929688,187.33999633789062,184.39999389648438,186.0,4240100
2022-01-13,163.51849365234375,184.14999389648438,189.6300048828125,183.61000061035156,188.97000122070312,5361100
2022-01-14,166.05809020996094,187.00999450683594,187.1999969482422,183.0,183.25999450683594,4731400
2022-01-18,161.85800170898438,182.27999877929688,184.36000061035156,181.25999450683594,183.61000061035156,7382800
2022-01-19,158.3239288330078,178.3000030517578,183.5800018310547,178.19000244140625,183.44000244140625,5207300
2022-01-20,154.0172576904297,173.4499969482422,180.55999755859375,173.3800048828125,178.77999877929688,6057800
2022-01-21,155.96192932128906,175.63999938964844,179.5500030517578,173.3300018310547,174.05999755859375,11527900
2022-01-24,158.3594512939453,178.33999633789062,178.6199951171875,171.1199951171875,175.77999877929688,11717600
2022-01-25,154.47015380859375,173.9600067138672,178.00999450683594,173.0399932861328,174.91000366210938,8157600
2022-01-26,158.35052490234375,178.3300018310547,183.25,176.17999267578125,182.27000427246094,12852700
2022-01-27,155.22491455078125,174.80999755859375,181.02000427246094,173.10000610351562,180.89999389648438,6752900
2022-01-28,158.46957397460938,177.2899932861328,177.47000122070312,169.38999938964844,173.80999755859375,7322100
2022-01-31,160.43603515625,179.49000549316406,179.63999938964844,175.83999633789062,177.67999267578125,6980800
2022-02-01,162.044921875,181.2899932861328,181.6699981689453,176.6300048828125,179.58999633789062,6233700
2022-02-02,167.89962768554688,187.83999633789062,188.25,181.49000549316406,181.5500030517578,8993800
2022-02-03,156.95001220703125,175.58999633789062,186.5500030517578,174.8800048828125,185.24000549316406,11691400
2022-02-04,153.22271728515625,171.4199981689453,172.77000427246094,167.50999450683594,172.47999572753906,11408600
2022-02-07,151.9087371826172,169.9499969482422,172.5,168.91000366210938,172.47999572753906,6418900
2022-02-08,154.30429077148438,172.6300048828125,173.19000244140625,168.5,170.02999877929688,4622000
2022-02-09,157.95114135742188,176.7100067138672,177.1999969482422,173.05999755859375,174.27000427246094,7140600
2022-02-10,152.54339599609375,170.66000366210938,176.8300018310547,169.74000549316406,172.16000366210938,7583400
2022-02-11,146.94793701171875,164.39999389648438,171.36000061035156,163.64999389648438,169.92999267578125,7564200
2022-02-14,145.22279357910156,162.47000122070312,165.64999389648438,161.0399932861328,163.94000244140625,7468000
2022-02-15,148.530029296875,166.1699981689453,166.77000427246094,164.0800018310547,164.80999755859375,6969700
2022-02-16,150.38031005859375,168.24000549316406,168.9600067138672,164.22999572753906,164.7899932861328,4594300
2022-02-17,147.17140197753906,164.64999389648438,167.38999938964844,164.1999969482422,166.07000732421875,6807700
2022-02-18,149.03955078125,166.74000549316406,168.11000061035156,164.0399932861328,165.25,6359100
2022-02-22,148.994873046875,166.69000244140625,171.13999938964844,165.00999450683594,166.05999755859375,7293800
2022-02-23,148.05628967285156,165.63999938964844,169.9600067138672,165.3699951171875,168.02000427246094,5893900
2022-02-24,151.58697509765625,169.58999633789062,169.92999267578125,161.19000244140625,163.77999877929688,7754800
2022-02-25,152.6864013671875,170.82000732421875,170.97000122070312,167.13999938964844,169.72999572753906,4830100
2022-02-28,151.9445343017578,169.99000549316406,170.5399932861328,166.99000549316406,168.6300048828125,5656600
2022-03-01,149.53115844726562,167.2899932861328,170.00999450683594,164.3699951171875,169.36000061035156,6049600
2022-03-02,152.04283142089844,170.10000610351562,171.50999450683594,167.83999633789062,168.49000549316406,5304100
2022-03-03,152.84730529785156,171.0,172.75,169.30999755859375,171.72000122070312,5154200
2022-03-04,151.93556213378906,169.97999572753906,171.75999450683594,168.13999938964844,169.47999572753906,6804700
2022-03-07,147.3859100341797,164.88999938964844,170.97000122070312,164.75999450683594,170.86000061035156,7064800
2022-03-08,149.5758056640625,167.33999633789062,172.6999969482422,162.38999938964844,164.8300018310547,7486500
2022-03-09,154.15231323242188,172.4600067138672,173.99000549316406,169.44000244140625,172.60000610351562,6047300
2022-03-10,154.41152954101562,172.75,173.4199981689453,168.58999633789062,169.47999572753906,6079100
2022-03-11,152.27523803710938,170.36000061035156,175.42999267578125,169.94000244140625,173.89999389648438,4869700
2022-03-14,149.02163696289062,166.72000122070312,171.64999389648438,166.08999633789062,169.9600067138672,4863200
2022-03-15,154.02716064453125,172.32000732421875,172.63999938964844,167.88999938964844,168.5800018310547,5138600
2022-03-16,157.61146545410156,176.3300018310547,176.47000122070312,171.42999267578125,173.75999450683594,5660400
2022-03-17,159.52430725097656,178.47000122070312,178.47999572753906,175.24000549316406,175.83999633789062,4930700
2022-03-18,160.98129272460938,180.10000610351562,180.35000610351562,175.74000549316406,178.1999969482422,9031500
2022-03-21,161.3030548095703,180.4600067138672,181.2100067138672,177.72999572753906,179.2899932861328,5030600
2022-03-22,162.99246215820312,182.35000610351562,182.74000549316406,180.0,180.8800048828125,3802900
2022-03-23,160.0695343017578,179.0800018310547,183.0,179.02999877929688,182.0,4821100
2022-03-24,164.6549835205078,184.2100067138672,184.3300018310547,179.6300048828125,180.33999633789062,4169400
2022-03-25,165.27174377441406,184.89999389648438,186.1999969482422,183.1999969482422,184.6699981689453,3738800
2022-03-28,165.96890258789062,185.67999267578125,185.7899932861328,182.00999450683594,183.16000366210938,3117000
2022-03-29,170.7331085205078,191.00999450683594,191.33999633789062,187.2899932861328,187.97000122070312,5835700
2022-03-30,167.55105590820312,187.4499969482422,190.89999389648438,186.7100067138672,190.0,3865700
2022-03-31,164.00245666503906,183.47999572753906,188.6199951171875,183.17999267578125,188.1300048828125,7170700
2022-04-01,162.75108337402344,182.0800018310547,184.8800048828125,179.75,184.42999267578125,4631700
2022-04-04,163.314208984375,182.7100067138672,183.35000610351562,180.57000732421875,181.5500030517578,4644800
2022-04-05,158.37124633789062,177.17999267578125,181.85000610351562,176.3699951171875,181.6300048828125,6956500
2022-04-06,158.43382263183594,177.25,179.61000061035156,174.82000732421875,175.0,6932900
2022-04-07,158.74667358398438,177.60000610351562,178.92999267578125,175.3000030517578,176.25,4178500
2022-04-08,155.6271514892578,174.11000061035156,177.3000030517578,173.8300018310547,177.19000244140625,4504500
2022-04-11,153.68753051757812,171.94000244140625,174.44000244140625,171.77999877929688,172.77000427246094,4347800
2022-04-12,154.63499450683594,173.0,176.3699951171875,172.38999938964844,175.4199981689453,4550800
2022-04-13,156.52096557617188,175.11000061035156,175.49000549316406,172.41000366210938,173.30999755859375,5229100
2022-04-14,155.2248992919922,173.66000366210938,176.11000061035156,173.52999877929688,174.91000366210938,4578500
2022-04-18,157.81707763671875,176.55999755859375,177.5800018310547,173.0,173.0,3564000
2022-04-19,160.0517120361328,179.05999755859375,179.33999633789062,175.22999572753906,175.41000366210938,4671900
2022-04-20,160.3734588623047,179.4199981689453,183.66000366210938,179.0800018310547,181.60000610351562,4553700
2022-04-21,158.41595458984375,177.22999572753906,183.24000549316406,176.77000427246094,181.36000061035156,4735000
2022-04-22,154.91204833984375,173.30999755859375,177.6300048828125,172.92999267578125,177.30999755859375,6355900
2022-04-25,155.44837951660156,173.91000366210938,175.1699981689453,171.6699981689453,173.05999755859375,8737600
2022-04-26,150.55908203125,168.44000244140625,172.49000549316406,168.3699951171875,171.42999267578125,9591700
2022-04-27,151.408203125,169.38999938964844,171.9199981689453,160.5,160.5500030517578,12570400
2022-04-28,157.18246459960938,175.85000610351562,176.8800048828125,169.99000549316406,170.05999755859375,8233600
2022-04-29,152.17689514160156,170.25,176.02999877929688,169.92999267578125,174.0399932861328,6698600
2022-05-02,155.52883911132812,174.0,174.1199951171875,168.0800018310547,170.5500030517578,5851500
2022-05-03,154.2238311767578,172.5399932861328,174.7899932861328,172.0,173.8800048828125,5438600
2022-05-04,157.52210998535156,176.22999572753906,176.8699951171875,167.3300018310547,173.17999267578125,10311500
2022-05-05,152.20375061035156,170.27999877929688,174.97999572753906,168.64999389648438,174.39999389648438,7740400
2022-05-06,150.6918487548828,167.4499969482422,170.0800018310547,165.74000549316406,167.83999633789062,5724800
2022-05-09,148.43307495117188,164.94000244140625,168.4600067138672,164.10000610351562,166.11000061035156,7929700
2022-05-10,151.40281677246094,168.24000549316406,170.83999633789062,166.3000030517578,168.3800048828125,7033300
2022-05-11,148.2080841064453,164.69000244140625,170.33999633789062,164.24000549316406,166.72999572753906,5892800
2022-05-12,149.29696655273438,165.89999389648438,166.4499969482422,162.6699981689453,163.88999938964844,5936100
2022-05-13,152.752685546875,169.74000549316406,170.67999267578125,167.5800018310547,168.41000366210938,5329900
2022-05-16,151.63677978515625,168.5,170.13999938964844,166.8300018310547,168.07000732421875,3648900
2022-05-17,157.46827697753906,174.97999572753906,175.11000061035156,171.32000732421875,172.10000610351562,5851300
2022-05-18,153.2566375732422,170.3000030517578,174.91000366210938,169.67999267578125,173.39999389648438,5747200
2022-05-19,150.84483337402344,167.6199951171875,170.74000549316406,167.16000366210938,169.86000061035156,5399600
2022-05-20,152.81565856933594,169.80999755859375,170.3000030517578,164.2100067138672,168.60000610351562,6278300
2022-05-23,152.92367553710938,169.92999267578125,170.88999938964844,168.22999572753906,170.27000427246094,5384100
2022-05-24,151.06080627441406,167.86000061035156,169.47999572753906,166.3699951171875,168.2899932861328,5121700
2022-05-25,152.99566650390625,170.00999450683594,170.97999572753906,167.00999450683594,168.08999633789062,4712100
2022-05-26,156.70335388183594,174.1300048828125,174.8300018310547,169.2899932861328,170.32000732421875,4536600
2022-05-27,160.15904235839844,177.97000122070312,178.35000610351562,175.52000427246094,175.52000427246094,5857900
2022-05-31,159.07012939453125,176.75999450683594,178.2899932861328,173.80999755859375,176.74000549316406,9408000
2022-06-01,156.9643096923828,174.4199981689453,177.58999633789062,172.6999969482422,177.50999450683594,4681600
2022-06-02,159.0341339111328,176.72000122070312,176.8000030517578,172.38999938964844,174.0,6521600
2022-06-03,155.08351135253906,172.3300018310547,175.5,171.99000549316406,174.8699951171875,4485500
2022-06-06,150.9708251953125,167.75999450683594,174.25999450683594,167.3800048828125,173.64999389648438,5603800
2022-06-07,152.8516845703125,169.85000610351562,170.0800018310547,165.24000549316406,166.1199951171875,4416100
2022-06-08,148.82000732421875,165.3699951171875,169.75,164.77000427246094,169.75,5112600
2022-06-09,145.40933227539062,161.5800018310547,166.72999572753906,161.4600067138672,165.00999450683594,5353200
2022-06-10,141.98960876464844,157.77999877929688,160.42999267578125,157.67999267578125,159.16000366210938,6511000
2022-06-13,138.16493225097656,153.52999877929688,156.92999267578125,153.13999938964844,154.89999389648438,7765000
2022-06-14,138.65992736816406,154.0800018310547,155.94000244140625,153.0399932861328,155.14999389648438,4772600
2022-06-15,140.3157501220703,155.9199981689453,157.91000366210938,153.32000732421875,155.72000122070312,5442100
2022-06-16,136.22113037109375,151.3699951171875,152.55999755859375,150.1999969482422,151.52000427246094,6843700
2022-06-17,135.168212890625,150.1999969482422,153.2100067138672,149.10000610351562,151.83999633789062,11262500
2022-06-21,138.1019744873047,153.4600067138672,154.5800018310547,151.72999572753906,151.82000732421875,6283100
2022-06-22,137.32803344726562,152.60000610351562,153.94000244140625,151.16000366210938,151.9600067138672,4242900
2022-06-23,136.01412963867188,151.13999938964844,153.2100067138672,149.25,152.8300018310547,4318200
2022-06-24,140.3427734375,155.9499969482422,156.1300048828125,152.49000549316406,153.00999450683594,6425900
2022-06-27,140.0457763671875,155.6199951171875,157.6199951171875,155.1300048828125,156.99000549316406,5762300
2022-06-28,138.7318878173828,154.16000366210938,158.99000549316406,154.0800018310547,156.74000549316406,4687500
2022-06-29,137.49002075195312,152.77999877929688,153.2899932861328,150.94000244140625,152.44000244140625,4348300
2022-06-30,138.27291870117188,153.64999389648438,155.07000732421875,150.88999938964844,152.49000549316406,6807900
2022-07-01,133.67434692382812,148.5399932861328,152.27999877929688,147.02000427246094,150.35000610351562,8740200
2022-07-05,134.17831420898438,149.10000610351562,149.69000244140625,144.4600067138672,145.72999572753906,8486400
2022-07-06,135.7171630859375,150.80999755859375,152.0399932861328,148.3699951171875,150.0,5238200
2022-07-07,139.2088623046875,154.69000244140625,155.39999389648438,153.16000366210938,153.16000366210938,5169400
2022-07-08,139.9647979736328,155.52999877929688,155.85000610351562,152.14999389648438,152.74000549316406,3467500
2022-07-11,138.19198608398438,153.55999755859375,155.02000427246094,152.6199951171875,154.1199951171875,4051100
2022-07-12,139.0018768310547,154.4600067138672,156.4600067138672,153.6999969482422,155.97000122070312,4085100
2022-07-13,138.84889221191406,154.2899932861328,155.2100067138672,151.6699981689453,151.9600067138672,3755400
2022-07-14,142.05259704589844,157.85000610351562,158.33999633789062,152.9600067138672,154.1300048828125,4758800
2022-07-15,144.473388671875,160.5399932861328,160.7100067138672,157.63999938964844,159.1999969482422,7466100
2022-07-18,143.69049072265625,159.6699981689453,162.64999389648438,159.02000427246094,161.72000122070312,4088700
2022-07-19,148.16310119628906,164.63999938964844,165.67999267578125,160.64999389648438,161.36000061035156,5390800
2022-07-20,148.78404235839844,165.3300018310547,167.1199951171875,162.5399932861328,163.88999938964844,5889100
2022-07-21,149.87294006347656,166.5399932861328,166.82000732421875,163.67999267578125,165.97999572753906,5466700
2022-07-22,147.4971160888672,163.89999389648438,167.7100067138672,162.8699951171875,167.7100067138672,5269700
2022-07-25,146.86717224121094,163.1999969482422,163.86000061035156,161.27000427246094,163.8000030517578,4201400
2022-07-26,144.74337768554688,160.83999633789062,164.17999267578125,160.60000610351562,164.17999267578125,6080600
2022-07-27,154.37252807617188,171.5399932861328,171.99000549316406,165.57000732421875,166.77999877929688,11623100
2022-07-28,158.1612091064453,175.75,175.8300018310547,169.58999633789062,171.9199981689453,6468800
2022-07-29,162.04730224609375,178.88999938964844,179.27000427246094,174.05999755859375,174.42999267578125,6624000
2022-08-01,161.96575927734375,178.8000030517578,179.11000061035156,176.75,177.94000244140625,4865700
2022-08-02,160.5345458984375,177.22000122070312,179.92999267578125,176.4499969482422,177.5,4442500
2022-08-03,166.19610595703125,183.47000122070312,184.1300048828125,177.86000061035156,178.00999450683594,6201100
2022-08-04,167.50051879882812,184.91000366210938,185.99000549316406,183.22000122070312,183.77000427246094,4533900
2022-08-05,166.9479522705078,184.3000030517578,184.6699981689453,181.5800018310547,182.02999877929688,3690100
2022-08-08,165.5891571044922,182.8000030517578,184.4600067138672,181.1300048828125,182.5,3547300
2022-08-09,160.97840881347656,177.7100067138672,180.1999969482422,176.10000610351562,179.94000244140625,5306400
2022-08-10,165.87904357910156,183.1199951171875,183.4499969482422,179.38999938964844,181.4499969482422,4276500
2022-08-11,164.91883850097656,182.05999755859375,185.6699981689453,181.66000366210938,183.42999267578125,3858300
2022-08-12,167.92628479003906,185.3800048828125,185.97999572753906,183.0399932861328,183.17999267578125,4160900
2022-08-15,167.9443817138672,185.39999389648438,185.64999389648438,182.9600067138672,184.8800048828125,2863400
2022-08-16,166.09645080566406,183.36000061035156,185.0,182.39999389648438,184.8000030517578,4541600
2022-08-17,160.07254028320312,176.7100067138672,180.9499969482422,174.8800048828125,180.61000061035156,6869000
2022-08-18,161.65777587890625,178.4600067138672,180.3300018310547,175.8000030517578,176.80999755859375,4390400
2022-08-19,159.8370361328125,176.4499969482422,177.47999572753906,175.1199951171875,176.9600067138672,4569500
2022-08-22,155.29876708984375,171.44000244140625,175.47000122070312,171.11000061035156,175.47000122070312,4919000
2022-08-23,156.2770538330078,172.52000427246094,173.88999938964844,170.27999877929688,170.33999633789062,3663900
2022-08-24,155.97811889648438,172.19000244140625,172.58999633789062,170.75,171.41000366210938,3037800
2022-08-25,160.6160430908203,177.30999755859375,177.50999450683594,173.25,173.64999389648438,4350000
2022-08-26,153.5323486328125,169.49000549316406,177.92999267578125,169.42999267578125,177.5,6583500
2022-08-29,152.1282501220703,167.94000244140625,170.50999450683594,167.75999450683594,169.94000244140625,4625800
2022-08-30,151.04127502441406,166.74000549316406,168.85000610351562,164.75999450683594,168.22000122070312,5343300
2022-08-31,149.6553192138672,165.2100067138672,167.58999633789062,164.02000427246094,166.8699951171875,6489900
2022-09-01,150.51585388183594,166.16000366210938,166.47000122070312,162.19000244140625,163.35000610351562,5593800
2022-09-02,147.65333557128906,163.0,168.77999877929688,162.3800048828125,168.0,4466200
2022-09-06,147.74395751953125,163.10000610351562,165.7899932861328,161.83999633789062,163.11000061035156,5057000
2022-09-07,150.20787048339844,165.82000732421875,167.4499969482422,163.47999572753906,163.6699981689453,5332400
2022-09-08,152.5540008544922,168.41000366210938,168.5399932861328,163.8699951171875,165.24000549316406,5473200
2022-09-09,154.66464233398438,170.74000549316406,171.9199981689453,169.36000061035156,169.42999267578125,5196200
2022-09-12,154.51971435546875,170.5800018310547,171.52000427246094,169.2100067138672,171.25,5216800
2022-09-13,147.33633422851562,162.64999389648438,167.33999633789062,162.0,166.0800018310547,7928700
2022-09-14,149.70059204101562,165.25999450683594,166.3300018310547,163.05999755859375,164.22999572753906,4792600
2022-09-15,147.3544158935547,162.6699981689453,165.67999267578125,161.72000122070312,164.22000122070312,6105400
2022-09-16,149.70059204101562,165.25999450683594,165.92999267578125,161.55999755859375,162.99000549316406,13417800
2022-09-19,150.59738159179688,166.25,166.6300048828125,163.52000427246094,163.5800018310547,4929500
2022-09-20,150.4252471923828,166.05999755859375,166.89999389648438,164.89999389648438,165.41000366210938,5220200
2022-09-21,147.92510986328125,163.3000030517578,170.25,163.19000244140625,166.52999877929688,6639800
2022-09-22,147.30914306640625,162.6199951171875,164.55999755859375,161.22000122070312,162.58999633789062,5696200
2022-09-23,146.10433959960938,161.2899932861328,161.85000610351562,158.3000030517578,161.22000122070312,6936100
2022-09-26,145.35252380371094,160.4600067138672,163.1999969482422,160.0,161.64999389648438,4605800
2022-09-27,145.57896423339844,160.7100067138672,163.42999267578125,159.3000030517578,162.22999572753906,4261500
2022-09-28,147.4722137451172,162.8000030517578,163.63999938964844,159.4199981689453,161.52000427246094,4881500
2022-09-29,143.53172302246094,158.4499969482422,161.39999389648438,156.1300048828125,160.82000732421875,6699000
2022-09-30,140.207275390625,154.77999877929688,158.8000030517578,154.67999267578125,157.22000122070312,6074700
2022-10-03,144.7908935546875,159.83999633789062,160.63999938964844,156.0800018310547,157.41000366210938,6668500
2022-10-04,149.60092163085938,165.14999389648438,165.74000549316406,162.58999633789062,163.0500030517578,7233100
2022-10-05,152.00143432617188,167.8000030517578,169.22999572753906,163.47000122070312,164.32000732421875,5262600
2022-10-06,150.86007690429688,166.5399932861328,169.14999389648438,165.77000427246094,167.77999877929688,4171000
2022-10-07,144.2836151123047,159.27999877929688,165.05999755859375,158.61000061035156,164.02000427246094,8306400
2022-10-10,142.0280303955078,156.7899932861328,159.61000061035156,154.14999389648438,159.5500030517578,6573600
2022-10-11,139.00250244140625,153.4499969482422,155.33999633789062,151.39999389648438,154.61000061035156,9526900
2022-10-12,137.28138732910156,151.5500030517578,153.8000030517578,151.47000122070312,153.36000061035156,4526100
2022-10-13,139.8087158203125,154.33999633789062,156.7899932861328,145.97000122070312,147.61000061035156,7913800
2022-10-14,134.37359619140625,148.33999633789062,156.08999633789062,148.08999633789062,155.89999389648438,7470600
2022-10-17,136.7741241455078,150.99000549316406,152.5,149.52999877929688,152.0,5936100
2022-10-18,137.2451629638672,151.50999450683594,155.97999572753906,149.5399932861328,155.08999633789062,4866600
2022-10-19,138.27783203125,152.64999389648438,153.02000427246094,149.86000061035156,150.6300048828125,5060100
2022-10-20,139.24708557128906,153.72000122070312,156.77999877929688,152.41000366210938,153.88999938964844,6506200
2022-10-21,144.6821746826172,159.72000122070312,160.02999877929688,153.94000244140625,155.41000366210938,7706200
2022-10-24,146.4304656982422,161.64999389648438,161.99000549316406,158.69000244140625,160.2100067138672,5467600
2022-10-25,146.89244079589844,162.16000366210938,164.86000061035156,161.19000244140625,161.61000061035156,8611200
2022-10-26,143.00634765625,157.8699951171875,161.16000366210938,151.3300018310547,152.57000732421875,12964700
2022-10-27,142.00086975097656,156.75999450683594,159.94000244140625,155.42999267578125,159.8000030517578,7050500
2022-10-28,147.33319091796875,161.36000061035156,161.69000244140625,155.49000549316406,155.8800048828125,6776100
2022-10-31,146.6666717529297,160.6300048828125,161.5500030517578,159.25999450683594,160.39999389648438,6298800
2022-11-01,148.73928833007812,162.89999389648438,163.42999267578125,160.55999755859375,162.24000549316406,4972300
2022-11-02,144.71267700195312,158.49000549316406,166.3699951171875,158.27999877929688,163.25999450683594,6923900
2022-11-03,142.91395568847656,156.52000427246094,158.61000061035156,155.3300018310547,156.3800048828125,4555400
2022-11-04,148.51107788085938,162.64999389648438,162.6999969482422,158.4199981689453,161.61000061035156,6689900
2022-11-07,151.28680419921875,165.69000244140625,166.3000030517578,161.5500030517578,163.80999755859375,4928300
2022-11-08,153.49644470214844,168.11000061035156,169.83999633789062,165.75999450683594,167.44000244140625,5112300
2022-11-09,150.64767456054688,164.99000549316406,167.72999572753906,164.89999389648438,166.38999938964844,4800400
2022-11-10,159.5044403076172,174.69000244140625,175.19000244140625,168.8800048828125,172.10000610351562,9898200
2022-11-11,163.88719177246094,179.49000549316406,180.7899932861328,173.39999389648438,175.0500030517578,6911900
2022-11-14,162.015380859375,177.44000244140625,181.1199951171875,177.25,179.0,5447300
2022-11-15,162.13409423828125,177.57000732421875,182.6199951171875,176.80999755859375,182.0500030517578,6601000
2022-11-16,158.38134765625,173.4600067138672,176.4199981689453,173.0500030517578,176.4199981689453,7664800
2022-11-17,160.1162109375,175.36000061035156,175.42999267578125,170.6300048828125,170.67999267578125,5339800
2022-11-18,159.95184326171875,175.17999267578125,176.8000030517578,174.0399932861328,176.41000366210938,5474800
2022-11-21,157.41351318359375,172.39999389648438,174.6699981689453,172.27000427246094,174.4199981689453,4702700
2022-11-22,161.8145294189453,177.22000122070312,177.30999755859375,172.35000610351562,174.83999633789062,4673500
2022-11-23,163.4215087890625,178.97999572753906,179.77999877929688,176.5,177.0,3939100
2022-11-25,161.67759704589844,177.07000732421875,179.2899932861328,177.02999877929688,179.25,1586400
2022-11-28,157.96136474609375,173.0,176.02999877929688,172.3800048828125,175.7100067138672,5358800
2022-11-29,157.94309997558594,172.97999572753906,174.36000061035156,171.30999755859375,173.63999938964844,3134000
2022-11-30,164.77284240722656,180.4600067138672,180.50999450683594,170.97000122070312,173.3699951171875,9780300
2022-12-01,162.07020568847656,177.5,180.52000427246094,176.2100067138672,180.0399932861328,5479900
2022-12-02,162.2162628173828,177.66000366210938,177.99000549316406,173.47999572753906,175.13999938964844,3822900
2022-12-05,161.9697265625,177.38999938964844,178.63999938964844,175.33999633789062,176.74000549316406,4875300
2022-12-06,159.18487548828125,174.33999633789062,178.16000366210938,173.17999267578125,178.13999938964844,4417900
2022-12-07,158.64613342285156,173.75,175.02999877929688,172.25,172.52999877929688,3242800
2022-12-08,161.02928161621094,176.36000061035156,176.52000427246094,172.85000610351562,173.75999450683594,3902700
2022-12-09,159.11181640625,174.25999450683594,176.5800018310547,174.1199951171875,175.9600067138672,3966700
2022-12-12,162.05191040039062,177.47999572753906,177.57000732421875,172.91000366210938,174.11000061035156,5347000
2022-12-13,162.07020568847656,177.5,183.08999633789062,175.8699951171875,182.1300048828125,6951000
2022-12-14,160.5362548828125,175.82000732421875,179.80999755859375,174.13999938964844,176.75999450683594,5114600
2022-12-15,155.2312774658203,170.00999450683594,174.52000427246094,169.08999633789062,173.52999877929688,6007300
2022-12-16,154.81124877929688,169.5500030517578,170.0500030517578,167.47999572753906,169.0,10423600
2022-12-19,153.0399169921875,167.61000061035156,169.8699951171875,166.0500030517578,169.6300048828125,4507000
2022-12-20,151.6520233154297,166.08999633789062,167.77999877929688,165.72000122070312,166.66000366210938,3777600
2022-12-21,154.0625457763672,168.72999572753906,168.91000366210938,166.5,167.0,3632100
2022-12-22,150.3828582763672,164.6999969482422,166.52000427246094,161.49000549316406,166.07000732421875,7188700
2022-12-23,150.09068298339844,164.3800048828125,164.8000030517578,162.27999877929688,163.02999877929688,2597000
2022-12-27,149.54283142089844,163.77999877929688,164.58999633789062,161.97000122070312,163.66000366210938,3535600
2022-12-28,147.17800903320312,161.19000244140625,165.16000366210938,160.8300018310547,163.61000061035156,2998600
2022-12-29,150.67506408691406,165.02000427246094,166.0399932861328,162.82000732421875,163.25999450683594,4081600
2022-12-30,150.857666015625,165.22000122070312,165.38999938964844,162.2100067138672,163.69000244140625,3249000
2023-01-03,149.0223846435547,163.2100067138672,167.64999389648438,162.58999633789062,167.22000122070312,4294100
2023-01-04,154.4643096923828,169.1699981689453,169.69000244140625,165.3000030517578,165.3000030517578,6285300
2023-01-05,152.41900634765625,166.92999267578125,170.0399932861328,165.83999633789062,167.7899932861328,6876800
2023-01-06,159.93360900878906,175.16000366210938,176.16000366210938,167.4199981689453,169.6199951171875,6725900
2023-01-09,161.32142639160156,176.67999267578125,180.3800048828125,176.32000732421875,177.14999389648438,5733900
2023-01-10,162.89193725585938,178.39999389648438,179.6199951171875,175.8300018310547,176.6300048828125,4267700
2023-01-11,163.32107543945312,178.8699951171875,179.0500030517578,176.92999267578125,178.22000122070312,5013900
2023-01-12,162.64541625976562,178.1300048828125,181.1699981689453,176.99000549316406,179.72000122070312,4324900
2023-01-13,163.4488983154297,179.00999450683594,179.11000061035156,176.22000122070312,177.07000732421875,3736700
2023-01-17,160.1527557373047,175.39999389648438,179.82000732421875,175.3000030517578,178.8000030517578,5659400
2023-01-18,158.6552734375,173.75999450683594,177.32000732421875,173.58999633789062,176.3699951171875,5874300
2023-01-19,156.07127380371094,170.92999267578125,173.72999572753906,169.6199951171875,173.3800048828125,5995700
2023-01-20,157.96136474609375,173.0,173.58999633789062,169.75,172.44000244140625,7569900
2023-01-23,162.6819305419922,178.1699981689453,179.02000427246094,172.55999755859375,173.64999389648438,7847600
2023-01-24,161.65016174316406,177.0399932861328,178.52000427246094,175.33999633789062,176.75,5351600
2023-01-25,159.8240203857422,175.0399932861328,178.2100067138672,171.5,176.6300048828125,6720700
2023-01-26,158.96575927734375,174.10000610351562,175.27000427246094,171.7899932861328,175.27000427246094,6287900
2023-01-27,160.0066680908203,175.24000549316406,177.30999755859375,171.8699951171875,172.52999877929688,6074900
2023-01-30,159.2065887451172,173.1300048828125,175.17999267578125,172.2100067138672,172.33999633789062,5048900
2023-01-31,162.95849609375,177.2100067138672,177.3000030517578,172.97999572753906,173.1699981689453,5852400
2023-02-01,167.45523071289062,182.10000610351562,183.69000244140625,176.75999450683594,177.0,7835800
2023-02-02,169.86451721191406,184.72000122070312,185.4499969482422,175.75,183.8699951171875,11667100
2023-02-03,167.6299285888672,182.2899932861328,185.24000549316406,181.58999633789062,181.69000244140625,5732200
2023-02-06,166.4436798095703,181.0,182.5800018310547,179.44000244140625,180.50999450683594,4385700
2023-02-07,168.73345947265625,183.49000549316406,184.27000427246094,179.3699951171875,181.07000732421875,4799900
2023-02-08,162.30557250976562,176.5,182.58999633789062,176.47000122070312,181.7899932861328,5657600
2023-02-09,160.91702270507812,174.99000549316406,180.5,174.57000732421875,179.22000122070312,5572000
2023-02-10,161.6526641845703,175.7899932861328,176.13999938964844,173.11000061035156,173.86000061035156,5466400
2023-02-13,162.49868774414062,176.7100067138672,177.8000030517578,175.69000244140625,176.52000427246094,3443200
2023-02-14,162.15843200683594,176.33999633789062,177.64999389648438,173.3699951171875,175.16000366210938,4179200
2023-02-15,164.14474487304688,178.5,178.7100067138672,174.77000427246094,174.8300018310547,3879700
2023-02-16,161.9193572998047,176.0800018310547,178.32000732421875,175.4199981689453,176.91000366210938,4212400
2023-02-17,161.22048950195312,175.32000732421875,177.08999633789062,174.47999572753906,175.17999267578125,4060800
2023-02-21,157.02720642089844,170.75999450683594,174.91000366210938,170.58999633789062,173.5500030517578,7030300
2023-02-22,156.1444091796875,169.8000030517578,171.94000244140625,168.75999450683594,171.02000427246094,4577400
2023-02-23,158.00196838378906,171.82000732421875,173.02000427246094,168.49000549316406,172.75,4856600
2023-02-24,155.5374755859375,169.13999938964844,170.1300048828125,167.8000030517578,169.35000610351562,4118300
2023-02-27,157.00881958007812,170.74000549316406,172.02000427246094,170.3800048828125,171.38999938964844,3310100
2023-02-28,157.66171264648438,171.4499969482422,172.57000732421875,169.36000061035156,169.9499969482422,3674500
2023-03-01,158.3238067626953,172.1699981689453,172.42999267578125,169.80999755859375,171.0399932861328,4649800
2023-03-02,160.08021545410156,174.0800018310547,174.9199981689453,170.11000061035156,171.1300048828125,4551100
2023-03-03,161.55154418945312,175.67999267578125,175.9499969482422,172.5,175.0,4379200
2023-03-06,159.133056640625,173.0500030517578,176.5,172.8000030517578,175.2899932861328,4090100
2023-03-07,158.22265625,172.05999755859375,174.0,171.14999389648438,172.77000427246094,3844100
2023-03-08,162.04811096191406,176.22000122070312,176.36000061035156,173.0500030517578,173.61000061035156,3805400
2023-03-09,159.49166870117188,173.44000244140625,177.91000366210938,172.97999572753906,176.36000061035156,4651200
2023-03-10,157.83644104003906,171.63999938964844,175.27000427246094,170.97999572753906,175.0,5929700
2023-03-13,159.90548706054688,173.88999938964844,175.8300018310547,169.91000366210938,170.17999267578125,5453400
2023-03-14,161.59751892089844,175.72999572753906,176.1999969482422,172.8300018310547,175.9499969482422,5034600
2023-03-15,160.36529541015625,174.38999938964844,175.1300048828125,171.8800048828125,174.22999572753906,4918300
2023-03-16,162.8849334716797,177.1300048828125,177.67999267578125,172.8000030517578,173.4600067138672,5028500
2023-03-17,161.5791473388672,175.7100067138672,179.08999633789062,174.61000061035156,177.8800048828125,12963300
2023-03-20,164.7516632080078,179.16000366210938,179.8699951171875,175.52000427246094,175.8800048828125,4964600
2023-03-21,164.06198120117188,178.41000366210938,180.66000366210938,176.25,179.17999267578125,4217500
2023-03-22,162.1400604248047,176.32000732421875,181.47999572753906,176.25999450683594,177.3699951171875,4738000
2023-03-23,165.7815704345703,180.27999877929688,181.88999938964844,177.35000610351562,178.13999938964844,5083300
2023-03-24,165.07351684570312,179.50999450683594,180.49000549316406,177.66000366210938,179.8300018310547,5345400
2023-03-27,162.8113555908203,177.0500030517578,179.80999755859375,176.41000366210938,179.6300048828125,4453200
2023-03-28,163.21595764160156,177.49000549316406,177.58999633789062,174.25,176.3699951171875,4061500
2023-03-29,166.48045349121094,181.0399932861328,181.8699951171875,178.9600067138672,179.42999267578125,5227100
2023-03-30,169.4231414794922,184.24000549316406,184.49000549316406,181.86000061035156,182.0,5535800
2023-03-31,171.05078125,186.00999450683594,186.3000030517578,183.1199951171875,184.02000427246094,4793100
2023-04-03,169.3495635986328,184.16000366210938,186.17999267578125,182.72000122070312,185.3300018310547,4143000
2023-04-04,165.89193725585938,180.39999389648438,184.6699981689453,179.7899932861328,184.25999450683594,4724800
2023-04-05,162.94927978515625,177.1999969482422,179.72999572753906,175.1199951171875,179.49000549316406,5904900
2023-04-06,163.79530334472656,178.1199951171875,179.22999572753906,174.57000732421875,175.97000122070312,3743000
2023-04-10,164.9907684326172,179.4199981689453,179.72999572753906,176.2100067138672,176.9499969482422,3488500
2023-04-11,165.404541015625,179.8699951171875,181.3800048828125,179.5,180.74000549316406,3296900
2023-04-12,163.27114868164062,177.5500030517578,181.1999969482422,177.22000122070312,181.1999969482422,3559400
2023-04-13,164.70570373535156,179.11000061035156,179.8800048828125,175.4499969482422,176.61000061035156,3264200
2023-04-14,164.58612060546875,178.97999572753906,180.5399932861328,177.25,178.91000366210938,2741900
2023-04-17,165.57009887695312,180.0500030517578,180.5500030517578,177.77999877929688,178.27999877929688,2845800
2023-04-18,165.81837463378906,180.32000732421875,181.72999572753906,179.1999969482422,181.00999450683594,2774700
2023-04-19,162.83895874023438,177.0800018310547,179.4600067138672,176.9600067138672,179.1300048828125,3093900
2023-04-20,162.4159698486328,176.6199951171875,178.30999755859375,173.52999877929688,174.4199981689453,4710800
2023-04-21,162.78375244140625,177.02000427246094,177.55999755859375,174.86000061035156,175.60000610351562,6792000
2023-04-24,161.75381469726562,175.89999389648438,177.42999267578125,175.33999633789062,177.13999938964844,3360100
2023-04-25,155.7673797607422,169.38999938964844,176.0399932861328,169.33999633789062,175.58999633789062,7136000
2023-04-26,151.23387145996094,164.4600067138672,170.97000122070312,163.66000366210938,170.97000122070312,8647500
2023-04-27,151.97872924804688,165.27000427246094,165.61000061035156,161.10000610351562,162.72999572753906,6697900
2023-04-28,153.75347900390625,167.1999969482422,167.52000427246094,164.85000610351562,164.85000610351562,6575400
2023-05-01,153.27532958984375,166.67999267578125,168.3000030517578,166.1199951171875,168.2100067138672,4831200
2023-05-02,150.7556915283203,163.94000244140625,167.49000549316406,162.7899932861328,166.33999633789062,7312400
2023-05-03,150.21311950683594,163.35000610351562,165.99000549316406,163.27000427246094,164.9199981689453,4398800
2023-05-04,149.24757385253906,162.3000030517578,163.8699951171875,161.36000061035156,163.38999938964844,4309000
2023-05-05,153.65846252441406,165.82000732421875,166.00999450683594,161.2100067138672,161.4600067138672,5494700
2023-05-08,152.17581176757812,164.22000122070312,166.60000610351562,163.38999938964844,165.82000732421875,3831300
2023-05-09,151.04527282714844,163.0,163.49000549316406,162.00999450683594,162.22999572753906,5736800
2023-05-10,151.09161376953125,163.0500030517578,165.0,161.0399932861328,164.80999755859375,4428800
2023-05-11,149.34950256347656,161.1699981689453,162.4199981689453,159.94000244140625,162.27000427246094,3320400
2023-05-12,150.00743103027344,161.8800048828125,162.9600067138672,160.3699951171875,162.11000061035156,2400800
2023-05-15,153.13954162597656,165.25999450683594,165.47999572753906,160.6300048828125,161.38999938964844,3789100
2023-05-16,151.39743041992188,163.3800048828125,166.0500030517578,162.86000061035156,165.0,4272900
2023-05-17,153.21365356445312,165.33999633789062,165.6699981689453,163.07000732421875,164.5,4910300
2023-05-18,157.35581970214844,169.80999755859375,170.1699981689453,166.0800018310547,166.32000732421875,4916300
2023-05-19,157.6338348388672,170.11000061035156,170.99000549316406,168.94000244140625,170.58999633789062,4790500
2023-05-22,158.32884216308594,170.86000061035156,171.11000061035156,169.0500030517578,169.77000427246094,3334000
2023-05-23,157.29098510742188,169.74000549316406,170.74000549316406,169.22000122070312,169.7899932861328,5601200
2023-05-24,154.81680297851562,167.07000732421875,168.50999450683594,166.19000244140625,166.94000244140625,7502500
2023-05-25,157.1797637939453,169.6199951171875,170.50999450683594,163.60000610351562,165.0,7747200
2023-05-26,163.36058044433594,176.2899932861328,177.0500030517578,170.6699981689453,171.32000732421875,8323200
2023-05-30,163.60153198242188,176.5500030517578,178.19000244140625,175.02999877929688,177.8300018310547,5677200
2023-05-31,161.12733459472656,173.8800048828125,175.8000030517578,173.16000366210938,174.77999877929688,8534000
2023-06-01,162.91575622558594,175.80999755859375,176.4499969482422,172.89999389648438,175.8699951171875,3955400
2023-06-02,162.37831115722656,175.22999572753906,176.6300048828125,174.10000610351562,176.5,4788000
2023-06-05,157.7728271484375,170.25999450683594,175.19000244140625,169.77000427246094,175.19000244140625,5520400
2023-06-06,157.86549377441406,170.36000061035156,171.5399932861328,168.89999389648438,169.39999389648438,4032400
2023-06-07,159.3852081298828,172.0,173.7899932861328,170.4499969482422,171.1699981689453,4422700
2023-06-08,159.59832763671875,172.22999572753906,173.83999633789062,171.4199981689453,173.07000732421875,3343700
2023-06-09,158.07862854003906,170.58999633789062,173.82000732421875,169.47999572753906,173.42999267578125,4179000
2023-06-12,161.27557373046875,174.0399932861328,174.27999877929688,171.3800048828125,171.52999877929688,4709300
2023-06-13,164.39845275878906,177.41000366210938,178.30999755859375,174.32000732421875,176.55999755859375,5408100
2023-06-14,164.1296844482422,177.1199951171875,178.27000427246094,174.7899932861328,175.82000732421875,4748400
2023-06-15,165.02854919433594,178.08999633789062,179.39999389648438,175.88999938964844,176.24000549316406,4224100
2023-06-16,163.79612731933594,176.75999450683594,179.8300018310547,176.25999450683594,179.4499969482422,10374500
2023-06-20,161.5721435546875,174.36000061035156,177.02999877929688,173.42999267578125,174.94000244140625,3516000
2023-06-21,157.97669982910156,170.47999572753906,173.60000610351562,170.3800048828125,172.5,4034300
2023-06-22,159.96902465820312,172.6300048828125,172.66000366210938,169.80999755859375,170.0,3607800
2023-06-23,155.38204956054688,167.67999267578125,170.27999877929688,167.1999969482422,169.91000366210938,8541600
2023-06-26,156.37356567382812,168.75,170.97999572753906,168.02000427246094,168.49000549316406,4899600
2023-06-27,163.37911987304688,176.30999755859375,176.57000732421875,169.49000549316406,169.8300018310547,6257800
2023-06-28,162.12811279296875,174.9600067138672,176.3800048828125,174.27999877929688,174.64999389648438,3425300
2023-06-29,163.82388305664062,176.7899932861328,177.0399932861328,174.41000366210938,175.92999267578125,3704700
2023-06-30,166.8170166015625,180.02000427246094,180.5399932861328,178.3300018310547,178.8800048828125,6004400
2023-07-03,166.5760955810547,179.75999450683594,181.1999969482422,177.6199951171875,180.1699981689453,2007600
2023-07-05,163.5829620361328,176.52999877929688,178.86000061035156,176.4499969482422,178.8000030517578,3729100
2023-07-06,161.99839782714844,174.82000732421875,175.47999572753906,173.0800018310547,173.6999969482422,4555100
2023-07-07,160.96055603027344,173.6999969482422,177.07000732421875,173.5800018310547,174.11000061035156,4585400
2023-07-10,166.279541015625,179.44000244140625,179.72999572753906,174.55999755859375,174.5800018310547,5563200
2023-07-11,165.7050323486328,178.82000732421875,179.97000122070312,176.85000610351562,179.8300018310547,2755800
2023-07-12,168.99464416503906,182.3699951171875,182.89999389648438,180.00999450683594,181.00999450683594,5708600
2023-07-13,169.6896514892578,183.1199951171875,184.00999450683594,181.75,183.5,4441200
2023-07-14,167.5861358642578,180.85000610351562,183.02999877929688,180.3300018310547,181.61000061035156,3701300
2023-07-17,169.94912719726562,183.39999389648438,184.25999450683594,178.72000122070312,179.2899932861328,3918500
2023-07-18,170.2085723876953,183.67999267578125,184.1999969482422,181.0,182.44000244140625,3040500
2023-07-19,170.19932556152344,183.6699981689453,184.67999267578125,183.02999877929688,183.58999633789062,3686000
2023-07-20,166.72433471679688,179.9199981689453,182.1699981689453,179.27999877929688,180.64999389648438,7154600
2023-07-21,170.80165100097656,184.32000732421875,185.57000732421875,181.36000061035156,182.0,17251600
2023-07-24,170.40321350097656,183.88999938964844,185.75,183.3000030517578,184.5800018310547,4318500
2023-07-25,172.4325714111328,186.0800018310547,188.1199951171875,184.8000030517578,185.0,6267800
2023-07-26,163.09185791015625,176.0,177.6999969482422,174.2100067138672,176.88999938964844,11905100
2023-07-27,164.68569946289062,177.72000122070312,181.13999938964844,176.24000549316406,178.30999755859375,8300400
2023-07-28,166.4493865966797,178.3699951171875,179.52999877929688,176.92999267578125,178.5,7540400
2023-07-31,167.970458984375,180.0,180.39999389648438,178.3300018310547,178.50999450683594,4065200
2023-08-01,166.4493865966797,178.3699951171875,179.47000122070312,177.69000244140625,179.0,4028700
2023-08-02,160.9156951904297,172.44000244140625,176.67999267578125,171.7100067138672,176.25,6914500
2023-08-03,160.31845092773438,171.8000030517578,172.25999450683594,169.63999938964844,170.4499969482422,4515200
2023-08-04,157.1830291748047,168.44000244140625,170.8800048828125,167.11000061035156,169.60000610351562,6052800
2023-08-07,157.6682586669922,168.9600067138672,169.82000732421875,166.94000244140625,169.3699951171875,4315700
2023-08-08,155.58729553222656,166.72999572753906,167.4199981689453,164.42999267578125,167.3000030517578,4628000
2023-08-09,156.09121704101562,167.27000427246094,168.97999572753906,166.3699951171875,166.72000122070312,4701400
2023-08-10,156.36183166503906,167.55999755859375,170.5399932861328,166.92999267578125,168.64999389648438,4975300
2023-08-11,155.09274291992188,166.1999969482422,166.3699951171875,164.63999938964844,165.7899932861328,5454800
2023-08-14,159.08668518066406,170.47999572753906,170.61000061035156,165.6999969482422,166.1999969482422,5933600
2023-08-15,156.92173767089844,168.16000366210938,170.16000366210938,167.6199951171875,169.77000427246094,3920900
2023-08-16,154.644775390625,165.72000122070312,168.57000732421875,165.3000030517578,167.58999633789062,4558400
2023-08-17,154.68214416503906,165.75999450683594,167.16000366210938,165.22000122070312,165.72000122070312,3987800
2023-08-18,155.36334228515625,166.49000549316406,166.83999633789062,164.1699981689453,164.57000732421875,4456000
2023-08-21,156.72576904296875,167.9499969482422,168.5800018310547,166.08999633789062,166.72999572753906,3941800
2023-08-22,155.94187927246094,167.11000061035156,169.6300048828125,166.14999389648438,169.6300048828125,3035600
2023-08-23,158.48011779785156,169.8300018310547,170.5,163.92999267578125,163.92999267578125,4152900
2023-08-24,154.5234832763672,165.58999633789062,171.47999572753906,165.39999389648438,171.47999572753906,6003200
2023-08-25,156.59512329101562,167.80999755859375,168.4600067138672,164.6999969482422,166.49000549316406,3947500
2023-08-28,157.4256134033203,168.6999969482422,169.9199981689453,167.5800018310547,169.22000122070312,3995100
2023-08-29,159.2826385498047,170.69000244140625,171.25999450683594,167.74000549316406,168.0800018310547,3981700
2023-08-30,157.9202117919922,169.22999572753906,170.27000427246094,165.32000732421875,166.52000427246094,5120400
2023-08-31,156.82843017578125,168.05999755859375,170.3000030517578,168.0,168.82000732421875,6026500
2023-09-01,158.48011779785156,169.8300018310547,170.02000427246094,168.52999877929688,169.97999572753906,2611200
2023-09-05,158.3961639404297,169.74000549316406,170.89999389648438,168.22000122070312,169.0800018310547,2882200
2023-09-06,156.81907653808594,168.0500030517578,170.02999877929688,166.89999389648438,169.6999969482422,4244000
2023-09-07,153.70228576660156,164.7100067138672,166.3800048828125,163.97000122070312,165.77000427246094,6272100
2023-09-08,153.65562438964844,164.66000366210938,165.41000366210938,163.82000732421875,165.11000061035156,3301100
2023-09-11,154.7567596435547,165.83999633789062,166.69000244140625,164.10000610351562,166.52000427246094,3191900
2023-09-12,152.5638427734375,163.49000549316406,166.08999633789062,163.42999267578125,164.6699981689453,3739900
2023-09-13,153.37567138671875,164.36000061035156,165.5399932861328,163.52999877929688,163.91000366210938,3331900
2023-09-14,154.9527587890625,166.0500030517578,166.63999938964844,163.63999938964844,166.4199981689453,4071600
2023-09-15,151.751953125,162.6199951171875,166.5,162.42999267578125,166.2100067138672,9427900
2023-09-18,151.9479522705078,162.8300018310547,163.58999633789062,161.75999450683594,162.0,3180100
2023-09-19,152.2372283935547,163.13999938964844,163.50999450683594,161.41000366210938,162.4600067138672,3244400
2023-09-20,151.26673889160156,162.10000610351562,164.5800018310547,161.0,163.97999572753906,5035700
2023-09-21,149.68032836914062,160.39999389648438,162.89999389648438,160.35000610351562,160.38999938964844,4492700
2023-09-22,149.59634399414062,160.30999755859375,162.0500030517578,160.2100067138672,161.82000732421875,3715300
2023-09-25,150.14691162109375,160.89999389648438,160.9199981689453,159.22999572753906,159.9499969482422,3107600
2023-09-26,147.4033966064453,157.9600067138672,159.72000122070312,157.3699951171875,159.61000061035156,4164000
2023-09-27,147.57138061523438,158.13999938964844,159.50999450683594,155.88999938964844,159.25,4232000
2023-09-28,148.4578857421875,159.08999633789062,161.3800048828125,158.07000732421875,158.13999938964844,4271400
2023-09-29,148.38320922851562,159.00999450683594,161.16000366210938,158.30999755859375,160.83999633789062,3664600
2023-10-02,149.26039123535156,159.9499969482422,160.63999938964844,157.8300018310547,159.50999450683594,2922300
2023-10-03,146.74085998535156,157.25,160.39999389648438,156.33999633789062,158.11000061035156,3510700
2023-10-04,147.41273498535156,157.97000122070312,158.47999572753906,156.49000549316406,157.66000366210938,4129900
2023-10-05,144.743896484375,155.11000061035156,159.16000366210938,154.77999877929688,158.4600067138672,4389200
2023-10-06,146.50755310058594,157.0,158.10000610351562,153.55999755859375,154.27000427246094,5016200
2023-10-09,146.24627685546875,156.72000122070312,156.83999633789062,154.6999969482422,155.8300018310547,2747000
2023-10-10,147.1234588623047,157.66000366210938,159.22000122070312,156.27999877929688,156.72000122070312,3657400
2023-10-11,146.81552124023438,157.3300018310547,158.27000427246094,155.74000549316406,156.32000732421875,4452400
2023-10-12,144.6412353515625,155.0,158.27000427246094,154.22999572753906,158.0399932861328,5643300
2023-10-13,142.54159545898438,152.75,155.47999572753906,152.1999969482422,155.32000732421875,4319100
2023-10-16,143.98800659179688,154.3000030517578,154.72999572753906,153.08999633789062,153.36000061035156,4872200
2023-10-17,143.95069885253906,154.25999450683594,154.91000366210938,151.88999938964844,152.82000732421875,5098900
2023-10-18,141.6737518310547,151.82000732421875,154.02999877929688,151.4499969482422,152.9199981689453,4837500
2023-10-19,140.85256958007812,150.94000244140625,153.4600067138672,150.47000122070312,152.83999633789062,6041100
2023-10-20,137.9317169189453,147.80999755859375,151.80999755859375,147.61000061035156,151.4199981689453,5391500
2023-10-23,136.54132080078125,146.32000732421875,148.67999267578125,146.00999450683594,147.27999877929688,5398200
2023-10-24,137.1011962890625,146.9199981689453,147.61000061035156,145.9499969482422,146.83999633789062,7024400
2023-10-25,132.31405639648438,141.7899932861328,144.58999633789062,140.1300048828125,141.4199981689453,12349200
2023-10-26,134.3856964111328,144.00999450683594,146.6300048828125,142.00999450683594,142.1699981689453,7888800
2023-10-27,133.55519104003906,143.1199951171875,145.08999633789062,142.35000610351562,144.8800048828125,5327500
2023-10-30,132.31210327148438,140.5,141.41000366210938,139.47999572753906,140.8699951171875,6640800
2023-10-31,133.73410034179688,142.00999450683594,143.0399932861328,140.02999877929688,140.8000030517578,6570300
2023-11-01,134.8264923095703,143.1699981689453,143.30999755859375,140.82000732421875,142.63999938964844,7503200
2023-11-02,138.72520446777344,147.30999755859375,147.80999755859375,144.5,144.94000244140625,6297900
2023-11-03,141.47508239746094,150.22999572753906,151.58999633789062,149.0800018310547,149.3000030517578,5818700
2023-11-06,138.90415954589844,147.5,150.1999969482422,146.61000061035156,149.5800018310547,6601400
2023-11-07,138.04718017578125,146.58999633789062,147.24000549316406,145.50999450683594,146.8000030517578,5193000
2023-11-08,136.75704956054688,145.22000122070312,146.8300018310547,144.47000122070312,146.44000244140625,6901400
2023-11-09,134.92066955566406,143.27000427246094,146.5,143.1699981689453,145.92999267578125,7061200
2023-11-10,138.61221313476562,147.19000244140625,147.5800018310547,143.0800018310547,144.99000549316406,7214700
2023-11-13,137.36915588378906,145.8699951171875,146.41000366210938,145.19000244140625,146.22999572753906,4345400
2023-11-14,141.19253540039062,149.92999267578125,151.10000610351562,148.91000366210938,150.22000122070312,7051600
2023-11-15,143.0194854736328,151.8699951171875,153.63999938964844,150.14999389648438,151.00999450683594,5957000
2023-11-16,143.038330078125,151.88999938964844,152.99000549316406,150.80999755859375,151.9600067138672,5599400
2023-11-17,145.60922241210938,154.6199951171875,155.5,151.89999389648438,152.3000030517578,7524200
2023-11-20,146.47560119628906,155.5399932861328,156.27999877929688,153.9499969482422,154.02000427246094,5836900
2023-11-21,144.4885711669922,153.42999267578125,154.66000366210938,152.47000122070312,154.66000366210938,3877600
2023-11-22,144.9594268798828,153.92999267578125,156.16000366210938,153.27999877929688,154.5,3159800
2023-11-24,144.63926696777344,153.58999633789062,154.42999267578125,153.16000366210938,154.32000732421875,1604800
2023-11-27,143.7069549560547,152.60000610351562,153.35000610351562,151.39999389648438,152.57000732421875,4130700
2023-11-28,143.9894561767578,152.89999389648438,153.02999877929688,151.4199981689453,152.11000061035156,3883800
2023-11-29,144.2720184326172,153.1999969482422,155.85000610351562,152.9499969482422,154.8000030517578,3647100
2023-11-30,143.81056213378906,152.7100067138672,154.7100067138672,151.27000427246094,154.67999267578125,6641400
2023-12-01,146.16485595703125,155.2100067138672,155.30999755859375,151.91000366210938,153.11000061035156,4095500
2023-12-04,148.2460479736328,157.4199981689453,157.5399932861328,154.02000427246094,154.5800018310547,6572000
2023-12-05,148.08596801757812,157.25,157.74000549316406,154.83999633789062,156.4600067138672,4935600
2023-12-06,146.9558868408203,156.0500030517578,159.61000061035156,155.9499969482422,159.1300048828125,4952200
2023-12-07,148.49090576171875,157.67999267578125,158.69000244140625,154.67999267578125,156.83999633789062,6495400
2023-12-08,147.87876892089844,157.02999877929688,158.32000732421875,156.2899932861328,157.2899932861328,4732100
2023-12-11,150.64744567871094,159.97000122070312,161.22999572753906,157.99000549316406,158.57000732421875,7585500
2023-12-12,148.7169189453125,157.9199981689453,159.89999389648438,157.44000244140625,159.89999389648438,4714400
2023-12-13,152.3802490234375,161.80999755859375,162.27999877929688,157.9600067138672,158.02000427246094,5940900
2023-12-14,158.9440155029297,168.77999877929688,169.22000122070312,163.16000366210938,163.6699981689453,11428500
2023-12-15,158.8121795654297,168.63999938964844,171.08999633789062,167.74000549316406,170.2100067138672,16337400
2023-12-18,157.6632843017578,167.4199981689453,168.97000122070312,165.86000061035156,168.4499969482422,5015200
2023-12-19,158.6803436279297,168.5,168.89999389648438,167.0800018310547,168.25999450683594,4379400
2023-12-20,155.5538330078125,165.17999267578125,168.58999633789062,165.07000732421875,168.0500030517578,5098700
2023-12-21,157.08883666992188,166.80999755859375,167.57000732421875,165.6699981689453,166.77999877929688,4040100
2023-12-22,158.4355010986328,168.24000549316406,168.9199981689453,166.82000732421875,167.25999450683594,3492400
2023-12-26,160.85574340820312,170.80999755859375,171.52999877929688,168.4499969482422,168.94000244140625,3202200
2023-12-27,161.25123596191406,171.22999572753906,171.6199951171875,170.3300018310547,171.22000122070312,3264900
2023-12-28,161.7126922607422,171.72000122070312,172.30999755859375,170.7100067138672,172.0,3023000
2023-12-29,160.52615356445312,170.4600067138672,171.6999969482422,169.9199981689453,171.5399932861328,2920600
2024-01-02,159.39605712890625,169.25999450683594,169.92999267578125,167.41000366210938,168.85000610351562,5652500
2024-01-03,157.02291870117188,166.74000549316406,168.5,166.2100067138672,167.99000549316406,5874900
2024-01-04,154.8852081298828,164.47000122070312,165.7100067138672,162.39999389648438,162.5,6445700
2024-01-05,155.47848510742188,165.10000610351562,166.22999572753906,164.14999389648438,164.89999389648438,3087200
2024-01-08,158.71798706054688,168.5399932861328,168.6699981689453,164.60000610351562,165.2100067138672,5717500
2024-01-09,158.8027801513672,168.6300048828125,170.52000427246094,166.0,166.0,5018500
2024-01-10,157.50318908691406,167.25,168.52000427246094,165.11000061035156,168.5,4045200
2024-01-11,155.94935607910156,165.60000610351562,167.8800048828125,165.02999877929688,167.16000366210938,5635600
2024-01-12,155.2618865966797,164.8699951171875,167.2100067138672,163.88999938964844,166.66000366210938,4205000
2024-01-16,154.32958984375,163.8800048828125,165.47999572753906,162.60000610351562,164.39999389648438,6682800
2024-01-17,152.95468139648438,162.4199981689453,162.9199981689453,160.2899932861328,162.55999755859375,4079000
2024-01-18,157.18301391601562,166.91000366210938,167.3800048828125,163.17999267578125,164.6699981689453,6583700
2024-01-19,163.53021240234375,173.64999389648438,175.16000366210938,170.24000549316406,170.89999389648438,13345800
2024-01-22,164.6414337158203,174.8300018310547,176.64999389648438,173.6199951171875,174.0,6850700
2024-01-23,164.17999267578125,174.33999633789062,176.57000732421875,174.25999450683594,174.83999633789062,9459400
2024-01-24,160.1588592529297,170.07000732421875,172.89999389648438,168.5399932861328,171.2899932861328,15100400
2024-01-25,157.6632843017578,167.4199981689453,171.52999877929688,166.8300018310547,171.05999755859375,7088200
2024-01-26,154.52734375,164.08999633789062,166.1999969482422,163.27999877929688,166.1999969482422,8800900
2024-01-29,156.3636932373047,166.0399932861328,166.32000732421875,163.42999267578125,164.0800018310547,6076600
2024-01-30,153.81048583984375,162.0500030517578,163.77999877929688,161.5399932861328,162.89999389648438,4897600
2024-01-31,151.97860717773438,160.1199951171875,163.1699981689453,159.32000732421875,160.41000366210938,8665200
2024-02-01,151.57046508789062,159.69000244140625,159.8699951171875,156.66000366210938,159.22000122070312,6542100
2024-02-02,151.10537719726562,159.1999969482422,159.8000030517578,157.77000427246094,158.3800048828125,4922400
2024-02-05,150.8206329345703,158.89999389648438,159.99000549316406,157.58999633789062,159.99000549316406,4190100
2024-02-06,150.3175811767578,158.3699951171875,159.6999969482422,157.3300018310547,159.1699981689453,4139800
2024-02-07,150.697265625,158.77000427246094,160.2899932861328,158.22999572753906,159.92999267578125,4627900
2024-02-08,152.06402587890625,160.2100067138672,161.05999755859375,158.77999877929688,159.30999755859375,3487700
2024-02-09,154.1427001953125,162.39999389648438,162.47999572753906,160.6300048828125,161.27999877929688,3919500
2024-02-12,152.8898162841797,161.0800018310547,162.83999633789062,161.0500030517578,162.39999389648438,3853000
2024-02-13,148.8748779296875,156.85000610351562,159.4199981689453,155.4600067138672,158.25999450683594,5357900
2024-02-14,149.843017578125,157.8699951171875,159.0399932861328,156.57000732421875,157.85000610351562,4528000
2024-02-15,152.5386199951172,160.7100067138672,161.27000427246094,158.89999389648438,158.89999389648438,3725300
2024-02-16,152.2253875732422,160.3800048828125,162.14999389648438,159.42999267578125,160.35000610351562,3167600
2024-02-20,154.46542358398438,162.74000549316406,162.91000366210938,159.25999450683594,159.3699951171875,5406200
2024-02-21,155.73727416992188,164.0800018310547,164.1199951171875,161.5,162.52000427246094,4530000
2024-02-22,157.01858520507812,165.42999267578125,166.1199951171875,163.49000549316406,164.89999389648438,5041200
2024-02-23,155.36708068847656,163.69000244140625,166.0,163.6300048828125,165.8300018310547,3479100
2024-02-26,155.94607543945312,164.3000030517578,165.50999450683594,163.77999877929688,164.6199951171875,5251300
2024-02-27,156.55352783203125,164.94000244140625,165.66000366210938,164.25,164.5800018310547,2886600
2024-02-28,154.7501220703125,163.0399932861328,163.8800048828125,162.3800048828125,163.5,2933000
2024-02-29,158.82200622558594,167.3300018310547,167.91000366210938,164.27999877929688,164.89999389648438,7267200
2024-03-01,162.35287475585938,171.0500030517578,172.08999633789062,167.32000732421875,167.5500030517578,5233700
2024-03-04,163.67218017578125,172.44000244140625,173.0500030517578,170.86000061035156,172.5,4401600
2024-03-05,161.96371459960938,170.63999938964844,172.72000122070312,169.27999877929688,171.36000061035156,6215600
2024-03-06,163.1311798095703,171.8699951171875,175.7899932861328,170.67999267578125,173.11000061035156,6312700
2024-03-07,166.35830688476562,175.27000427246094,177.75,172.27999877929688,172.27999877929688,5980400
2024-03-08,163.53932189941406,172.3000030517578,175.5800018310547,172.27000427246094,175.4600067138672,5632600
2024-03-11,165.33323669433594,174.19000244140625,174.27999877929688,171.52999877929688,172.27999877929688,4207300
2024-03-12,165.91221618652344,174.8000030517578,176.35000610351562,173.22999572753906,175.99000549316406,5802600
2024-03-13,163.89999389648438,172.67999267578125,174.2899932861328,171.2100067138672,173.88999938964844,5199500
2024-03-14,162.4382781982422,171.13999938964844,173.6300048828125,169.8000030517578,173.30999755859375,5028200
2024-03-15,163.7481231689453,172.52000427246094,173.02999877929688,168.69000244140625,169.60000610351562,19078800
2024-03-18,160.6064453125,169.2100067138672,174.7899932861328,169.05999755859375,174.5399932861328,5213800
2024-03-19,158.28099060058594,166.75999450683594,168.30999755859375,165.97999572753906,167.67999267578125,5640000
2024-03-20,161.33726501464844,169.97999572753906,170.13999938964844,166.27000427246094,167.0800018310547,4404600
2024-03-21,163.81454467773438,172.58999633789062,174.7899932861328,171.72000122070312,172.8300018310547,4371600
2024-03-22,163.7101593017578,172.47999572753906,173.72999572753906,171.25999450683594,171.72999572753906,4177200
2024-03-25,162.1630401611328,170.85000610351562,172.3300018310547,170.61000061035156,170.8300018310547,3298600
2024-03-26,159.3725128173828,167.91000366210938,171.86000061035156,167.50999450683594,171.44000244140625,5898300
2024-03-27,164.08033752441406,172.8699951171875,172.9199981689453,168.8300018310547,169.0,4272300
2024-03-28,165.3522186279297,174.2100067138672,175.85000610351562,173.3300018310547,173.47999572753906,4417800
2024-04-01,164.36508178710938,173.1699981689453,175.91000366210938,172.86000061035156,174.1199951171875,2303200
2024-04-02,161.6979522705078,170.36000061035156,172.35000610351562,169.60000610351562,172.35000610351562,3304500
2024-04-03,161.678955078125,170.33999633789062,170.88999938964844,167.88999938964844,169.5800018310547,3295800
2024-04-04,159.96099853515625,168.52999877929688,173.0,168.10000610351562,171.77000427246094,7491300
2024-04-05,158.98338317871094,167.5,169.25,167.13999938964844,168.57000732421875,5012300
2024-04-08,160.84371948242188,169.4600067138672,170.2899932861328,167.25999450683594,167.61000061035156,3154000
2024-04-09,164.64036560058594,173.4600067138672,173.52000427246094,170.1300048828125,171.0,4830700
2024-04-10,160.33116149902344,168.9199981689453,170.41000366210938,167.89999389648438,169.8699951171875,5662800
2024-04-11,162.49525451660156,171.1999969482422,171.85000610351562,168.1300048828125,169.89999389648438,4352100
2024-04-12,157.87286376953125,166.3300018310547,169.42999267578125,165.77000427246094,168.4199981689453,5473600
2024-04-15,157.89186096191406,166.35000610351562,169.33999633789062,165.32000732421875,168.2899932861328,4739500
2024-04-16,159.06878662109375,167.58999633789062,168.52000427246094,166.82000732421875,167.47999572753906,3389000
2024-04-17,157.27487182617188,165.6999969482422,168.97999572753906,165.5,168.3800048828125,4564900
2024-04-18,155.34811401367188,163.6699981689453,164.67999267578125,161.5500030517578,163.67999267578125,5605500
2024-04-19,151.56097412109375,159.67999267578125,164.4199981689453,159.11000061035156,163.0800018310547,10497600
2024-04-22,155.12030029296875,163.42999267578125,164.13999938964844,160.0500030517578,160.25999450683594,5942400
2024-04-23,157.05657958984375,165.47000122070312,166.89999389648438,162.4600067138672,163.0399932861328,6833600
2024-04-24,165.9216766357422,174.80999755859375,179.49000549316406,173.61000061035156,178.22999572753906,13965900
2024-04-25,166.3393096923828,175.25,177.0500030517578,172.25999450683594,176.07000732421875,9130800
2024-04-26,168.4559326171875,177.47999572753906,178.3000030517578,175.0,175.25,5401900
2024-04-29,170.17388916015625,179.2899932861328,179.7899932861328,177.30999755859375,177.47999572753906,4191500
2024-04-30,167.4498291015625,176.4199981689453,179.24000549316406,176.30999755859375,178.4199981689453,6444300
2024-05-01,166.2918701171875,175.1999969482422,178.7100067138672,174.39999389648438,175.83999633789062,7167700
2024-05-02,166.8613739013672,175.8000030517578,179.80999755859375,173.64999389648438,179.80999755859375,4838300
2024-05-03,169.813232421875,178.91000366210938,179.67999267578125,177.42999267578125,177.49000549316406,4545100
2024-05-06,172.43289184570312,181.6699981689453,181.88999938964844,179.27000427246094,179.89999389648438,4127400
2024-05-07,174.63168334960938,182.6699981689453,183.58999633789062,181.6699981689453,181.8699951171875,5152700
2024-05-08,175.8553466796875,183.9499969482422,184.07000732421875,181.49000549316406,181.75999450683594,4220900
2024-05-09,177.16506958007812,185.32000732421875,185.75,183.66000366210938,184.0,5843300
2024-05-10,178.81895446777344,187.0500030517578,187.35000610351562,185.72999572753906,185.8800048828125,5606800
2024-05-13,179.5550537109375,187.82000732421875,188.3800048828125,186.6699981689453,187.0,3686300
2024-05-14,182.7194061279297,191.1300048828125,191.4600067138672,187.10000610351562,187.44000244140625,4917500
2024-05-15,186.92576599121094,195.52999877929688,195.61000061035156,191.88999938964844,192.5800018310547,5936800
2024-05-16,186.3904266357422,194.97000122070312,195.8699951171875,192.58999633789062,192.60000610351562,5371800
2024-05-17,186.438232421875,195.02000427246094,196.5500030517578,193.8300018310547,195.0,4534200
2024-05-20,190.43429565429688,199.1999969482422,199.27000427246094,194.5,195.02000427246094,5282800
2024-05-21,190.2526397705078,199.00999450683594,199.3000030517578,196.83999633789062,197.1699981689453,5489100
2024-05-22,193.62728881835938,202.5399932861328,203.6199951171875,199.64999389648438,199.97000122070312,9119000
2024-05-23,188.6083221435547,197.2899932861328,202.9499969482422,196.83999633789062,202.60000610351562,7125400
2024-05-24,190.4151611328125,199.17999267578125,199.77000427246094,197.75,198.8300018310547,4354100
2024-05-28,190.81668090820312,199.60000610351562,206.0,197.91000366210938,206.0,8661000
2024-05-29,186.3330841064453,194.91000366210938,197.66000366210938,194.75999450683594,196.66000366210938,5607800
2024-05-30,187.0691680908203,195.67999267578125,195.92999267578125,193.75,195.4499969482422,5213500
2024-05-31,186.4286651611328,195.00999450683594,196.69000244140625,190.25999450683594,195.3699951171875,9137300
2024-06-03,185.1954345703125,193.72000122070312,196.6300048828125,191.6999969482422,196.3699951171875,4153500
2024-06-04,184.79393005371094,193.3000030517578,194.42999267578125,192.05999755859375,193.30999755859375,7221600
2024-06-05,187.45155334472656,196.0800018310547,196.22000122070312,193.5399932861328,194.77999877929688,5988600
2024-06-06,187.6045379638672,196.24000549316406,196.63999938964844,194.52000427246094,195.97999572753906,3905500
2024-06-07,187.0022735595703,195.61000061035156,197.38999938964844,194.77999877929688,195.9499969482422,3308400
2024-06-10,188.92381286621094,197.6199951171875,197.8000030517578,194.0,194.17999267578125,4202400
2024-06-11,188.75172424316406,197.44000244140625,197.83999633789062,194.47999572753906,197.14999389648438,4193200
2024-06-12,190.22396850585938,198.97999572753906,201.2899932861328,197.3699951171875,199.47000122070312,4655700
2024-06-13,187.6427764892578,196.27999877929688,197.44000244140625,194.86000061035156,195.0,3409900
2024-06-14,185.36749267578125,193.89999389648438,195.6300048828125,193.07000732421875,193.83999633789062,3479100
2024-06-17,186.323486328125,194.89999389648438,195.19000244140625,192.1699981689453,193.1699981689453,3804900
2024-06-18,187.6140899658203,196.25,196.7899932861328,194.22999572753906,195.24000549316406,3036900
2024-06-20,184.2776641845703,192.75999450683594,194.5,192.17999267578125,194.5,5464900
2024-06-21,186.92576599121094,195.52999877929688,197.47999572753906,193.72000122070312,194.99000549316406,12516800
2024-06-24,185.3770751953125,193.91000366210938,196.55999755859375,193.35000610351562,195.5800018310547,3655700
2024-06-25,185.9124298095703,194.47000122070312,194.94000244140625,192.82000732421875,194.94000244140625,3456400
2024-06-26,184.6027069091797,193.10000610351562,194.99000549316406,192.17999267578125,193.80999755859375,3301000
2024-06-27,184.91818237304688,193.42999267578125,193.89999389648438,191.8000030517578,192.6699981689453,3874500
2024-06-28,185.96978759765625,194.52999877929688,197.88999938964844,193.5,194.14999389648438,8861000
2024-07-01,186.03672790527344,194.60000610351562,194.97999572753906,192.74000549316406,193.6300048828125,2873600
2024-07-02,189.6885986328125,198.4199981689453,199.0500030517578,194.4499969482422,194.99000549316406,4168700
2024-07-03,190.1857147216797,198.94000244140625,199.57000732421875,196.10000610351562,198.1300048828125,2454800
2024-07-05,190.0423126220703,198.7899932861328,200.14999389648438,197.24000549316406,200.0,2887900
2024-07-08,192.6044158935547,201.47000122070312,201.7100067138672,199.39999389648438,200.00999450683594,3927100
2024-07-09,191.35205078125,200.16000366210938,202.39999389648438,199.0800018310547,202.39999389648438,3742300
2024-07-10,194.65977478027344,203.6199951171875,203.77999877929688,201.0,201.30999755859375,4559500
2024-07-11,191.1895294189453,199.99000549316406,204.0,199.8800048828125,203.80999755859375,5585400
2024-07-12,192.9867706298828,201.8699951171875,205.2899932861328,201.30999755859375,202.1199951171875,3683800
2024-07-15,192.88162231445312,201.75999450683594,203.0800018310547,200.8300018310547,201.86000061035156,3089500
2024-07-16,197.52777099609375,206.6199951171875,206.77000427246094,202.58999633789062,203.47999572753906,3134400
2024-07-17,195.2716064453125,204.25999450683594,210.83999633789062,204.02999877929688,205.13999938964844,7792500
2024-07-18,196.81076049804688,205.8699951171875,207.0,203.27999877929688,204.8300018310547,5497200
2024-07-19,190.3386688232422,199.10000610351562,206.14999389648438,198.74000549316406,205.36000061035156,4868000
2024-07-22,196.82034301757812,205.8800048828125,206.0,201.00999450683594,203.10000610351562,6063800
2024-07-23,189.56431579589844,198.2899932861328,202.97999572753906,197.44000244140625,200.58999633789062,6083300
2024-07-24,189.55477905273438,198.27999877929688,206.5500030517578,196.91000366210938,206.36000061035156,11049100
2024-07-25,188.47450256347656,197.14999389648438,201.72999572753906,194.1199951171875,198.27999877929688,9555400
2024-07-26,193.10150146484375,201.99000549316406,204.3800048828125,199.0800018310547,200.47000122070312,5384800
2024-07-29,192.99636840820312,201.8800048828125,204.1300048828125,200.75999450683594,203.27000427246094,3392000
2024-07-30,192.14552307128906,200.99000549316406,204.49000549316406,199.7100067138672,203.61000061035156,6062600
2024-07-31,196.10986328125,203.80999755859375,204.4600067138672,199.49000549316406,204.4600067138672,7462400
2024-08-01,186.02578735351562,193.3300018310547,204.1199951171875,190.9600067138672,201.75,7958500
2024-08-02,180.37757873535156,187.4600067138672,189.6199951171875,186.07000732421875,187.50999450683594,8050200
2024-08-05,174.34446716308594,181.19000244140625,188.74000549316406,180.07000732421875,184.61000061035156,8659900
2024-08-06,179.88682556152344,186.9499969482422,190.32000732421875,182.60000610351562,183.52000427246094,6210900
2024-08-07,177.11566162109375,184.07000732421875,191.52000427246094,183.72000122070312,190.24000549316406,5013000
2024-08-08,185.99693298339844,193.3000030517578,194.00999450683594,185.5500030517578,187.22999572753906,6180400
2024-08-09,184.9481201171875,192.2100067138672,193.4499969482422,189.97000122070312,191.02000427246094,3066500
2024-08-12,184.8037872314453,192.05999755859375,193.6300048828125,190.77999877929688,192.4499969482422,5235900
2024-08-13,189.79769897460938,197.25,197.7100067138672,193.39999389648438,193.8000030517578,4969000
2024-08-14,188.2196807861328,195.61000061035156,197.3800048828125,193.4499969482422,197.00999450683594,3072000
2024-08-15,194.30088806152344,201.92999267578125,203.16000366210938,198.5,200.5,5081900
2024-08-16,192.9537811279297,200.52999877929688,202.4499969482422,198.17999267578125,201.92999267578125,4236400
2024-08-19,193.07887268066406,200.66000366210938,201.0500030517578,198.0,200.5399932861328,3788900
2024-08-20,194.88783264160156,202.5399932861328,204.4499969482422,198.08999633789062,200.44000244140625,7111400
2024-08-21,200.49757385253906,208.3699951171875,210.8800048828125,204.89999389648438,206.35000610351562,8119300
2024-08-22,196.07135009765625,203.77000427246094,209.63999938964844,202.8000030517578,208.4600067138672,6879900
2024-08-23,201.95053100585938,209.8800048828125,210.50999450683594,206.30999755859375,206.82000732421875,6112000
2024-08-26,200.38211059570312,208.25,210.00999450683594,207.5500030517578,209.0,5806000
2024-08-27,202.7299346923828,210.69000244140625,211.11000061035156,207.55999755859375,207.9199981689453,4373400
2024-08-28,199.89138793945312,207.74000549316406,211.27000427246094,205.97000122070312,210.6300048828125,3998100
2024-08-29,203.1148223876953,211.08999633789062,214.41000366210938,209.64999389648438,210.63999938964844,5622800
2024-08-30,206.2420196533203,214.33999633789062,214.66000366210938,211.39999389648438,212.5800018310547,5860900
2024-09-03,194.2046661376953,201.8300018310547,211.9499969482422,201.19000244140625,211.9499969482422,9284000
2024-09-04,196.29269409179688,204.0,205.74000549316406,200.2899932861328,201.6199951171875,4650400
2024-09-05,193.9352569580078,201.5500030517578,204.27000427246094,199.67999267578125,202.3000030517578,4107400
2024-09-06,189.99012756347656,197.4499969482422,201.8699951171875,196.72999572753906,201.5,6314400
2024-09-09,193.56959533691406,201.1699981689453,202.2899932861328,198.99000549316406,202.08999633789062,4864100
2024-09-10,192.25135803222656,199.8000030517578,201.27999877929688,197.02999877929688,201.1699981689453,4859400
2024-09-11,194.76275634765625,202.41000366210938,202.82000732421875,195.0399932861328,199.6999969482422,5900500
2024-09-12,188.57568359375,195.97999572753906,202.0,194.6699981689453,201.60000610351562,7201000
2024-09-13,192.3764190673828,199.92999267578125,200.8800048828125,196.8300018310547,197.11000061035156,4617000
2024-09-16,190.97161865234375,198.47000122070312,199.5,195.99000549316406,198.72000122070312,3717800
2024-09-17,193.78128051757812,201.38999938964844,202.25,198.92999267578125,199.44000244140625,3478500
2024-09-18,193.12698364257812,200.7100067138672,204.97000122070312,199.9600067138672,202.67999267578125,4262100
2024-09-19,199.7566680908203,207.60000610351562,210.55999755859375,205.69000244140625,207.61000061035156,5155600
2024-09-20,195.619140625,203.3000030517578,205.25999450683594,201.0800018310547,204.3800048828125,14502900
2024-09-23,196.14834594726562,203.85000610351562,204.82000732421875,202.83999633789062,203.88999938964844,2757400
2024-09-24,197.19717407226562,204.94000244140625,208.4199981689453,204.61000061035156,206.05999755859375,5573200
2024-09-25,197.31263732910156,205.05999755859375,205.3699951171875,203.1199951171875,203.13999938964844,4124600
2024-09-26,201.35394287109375,209.25999450683594,210.57000732421875,205.05999755859375,210.32000732421875,4521300
2024-09-27,201.2384796142578,209.13999938964844,211.72000122070312,208.80999755859375,210.8300018310547,3074400
2024-09-30,198.7655792236328,206.57000732421875,208.6999969482422,204.10000610351562,206.10000610351562,5459100
2024-10-01,193.9833526611328,201.60000610351562,207.02000427246094,199.6999969482422,206.05999755859375,9039900
2024-10-02,195.74420166015625,203.42999267578125,205.75,201.7100067138672,202.91000366210938,4389400
2024-10-03,194.05068969726562,201.6699981689453,203.44000244140625,200.27000427246094,201.0800018310547,3167000
2024-10-04,195.05142211914062,202.7100067138672,206.36000061035156,201.33999633789062,206.10000610351562,4092900
2024-10-07,193.66583251953125,201.27000427246094,202.77999877929688,199.6699981689453,200.58999633789062,2772400
2024-10-08,194.5703125,202.2100067138672,203.25,199.24000549316406,200.97999572753906,6283700
2024-10-09,197.22604370117188,204.97000122070312,205.5,201.3800048828125,201.5500030517578,3214900
2024-10-10,194.82049560546875,202.47000122070312,203.36000061035156,200.8800048828125,201.9600067138672,3649400
2024-10-11,197.36074829101562,205.11000061035156,205.7899932861328,201.3699951171875,201.3699951171875,2815800
2024-10-14,200.77662658691406,208.66000366210938,208.9600067138672,205.63999938964844,206.13999938964844,3291600
2024-10-15,192.2898406982422,199.83999633789062,208.64999389648438,198.89999389648438,208.02000427246094,6818800
2024-10-16,193.10775756835938,200.69000244140625,202.10000610351562,199.27999877929688,201.97999572753906,3311300
2024-10-17,190.8080291748047,198.3000030517578,204.89999389648438,198.11000061035156,204.89999389648438,4686900
2024-10-18,190.97161865234375,198.47000122070312,199.9600067138672,196.74000549316406,199.47999572753906,4029500
2024-10-21,188.3736114501953,195.77000427246094,197.92999267578125,194.1199951171875,196.74000549316406,4948100
2024-10-22,186.64161682128906,193.97000122070312,195.3000030517578,192.85000610351562,193.61000061035156,7910800
2024-10-23,194.1180877685547,201.74000549316406,203.0,198.0,201.0399932861328,10548500
2024-10-24,198.8040771484375,206.61000061035156,206.91000366210938,201.2100067138672,202.82000732421875,9309300
2024-10-25,199.11196899414062,206.92999267578125,211.38999938964844,206.75,207.61000061035156,5103100
2024-10-28,198.0535430908203,205.8300018310547,207.30999755859375,205.0,206.3699951171875,4409000
2024-10-29,203.36500549316406,211.35000610351562,211.58999633789062,205.30999755859375,206.13999938964844,5522800
2024-10-30,200.07418823242188,207.92999267578125,210.80999755859375,207.75,208.0,4914000
2024-10-31,196.7714385986328,203.16000366210938,207.9600067138672,201.39999389648438,207.9600067138672,6543000
2024-11-01,198.47608947753906,204.9199981689453,206.72000122070312,203.0800018310547,203.0800018310547,4208800
2024-11-04,197.25570678710938,203.66000366210938,205.60000610351562,202.5500030517578,203.49000549316406,3693800
2024-11-05,196.0934600830078,202.4600067138672,205.52000427246094,199.72000122070312,202.07000732421875,5253200
2024-11-06,208.2100372314453,214.97000122070312,215.67999267578125,208.3699951171875,208.92999267578125,8527500
2024-11-07,210.69923400878906,217.5399932861328,218.25,215.57000732421875,215.8000030517578,6020800
2024-11-08,213.3627471923828,220.2899932861328,220.38999938964844,216.2100067138672,217.0500030517578,5020700
2024-11-11,209.0817413330078,215.8699951171875,219.72999572753906,214.3300018310547,218.00999450683594,6154700
2024-11-12,206.0889129638672,212.77999877929688,215.41000366210938,209.0,215.38999938964844,4990800
2024-11-13,199.25094604492188,205.72000122070312,211.85000610351562,205.33999633789062,211.00999450683594,7921800
2024-11-14,199.52212524414062,206.0,207.07000732421875,204.3800048828125,205.27000427246094,4783800
2024-11-15,194.7955780029297,201.1199951171875,204.77000427246094,200.27999877929688,203.85000610351562,5970400
2024-11-18,200.66500854492188,207.17999267578125,207.6699981689453,201.52999877929688,202.1999969482422,7912100
2024-11-19,194.74716186523438,201.07000732421875,206.3300018310547,200.99000549316406,205.88999938964844,6716000
2024-11-20,191.9577178955078,198.19000244140625,199.60000610351562,196.47000122070312,198.0800018310547,7344400
2024-11-21,191.9674072265625,198.1999969482422,200.42999267578125,195.89999389648438,198.25,8080300
2024-11-22,191.773681640625,198.0,198.91000366210938,196.5,197.77000427246094,7861300
2024-11-25,196.5486602783203,202.92999267578125,204.13999938964844,199.9600067138672,201.42999267578125,9274400
2024-11-26,194.6309356689453,200.9499969482422,206.91000366210938,199.14999389648438,206.0,5260500
2024-11-27,192.92628479003906,199.19000244140625,201.4199981689453,197.64999389648438,200.63999938964844,4732200
2024-11-29,194.7084197998047,201.02999877929688,202.50999450683594,199.6999969482422,200.0800018310547,3167400
2024-12-02,195.43482971191406,201.77999877929688,202.41000366210938,198.47999572753906,199.77999877929688,6373900
2024-12-03,191.02789306640625,197.22999572753906,199.97000122070312,197.0,198.66000366210938,4743400
2024-12-04,190.4661407470703,196.64999389648438,198.47000122070312,195.61000061035156,197.6999969482422,7172600
2024-12-05,186.92124938964844,192.99000549316406,197.14999389648438,192.2100067138672,195.75,6049100
2024-12-06,187.02777099609375,193.10000610351562,195.13999938964844,192.60000610351562,193.66000366210938,5140700
2024-12-09,187.3667755126953,193.4499969482422,197.80999755859375,191.60000610351562,192.02999877929688,3880300
2024-12-10,184.19960021972656,190.17999267578125,193.69000244140625,189.44000244140625,193.3300018310547,6064200
2024-12-11,185.67178344726562,191.6999969482422,192.97000122070312,190.2100067138672,192.13999938964844,6057800
2024-12-12,185.6815185546875,191.7100067138672,192.25999450683594,189.60000610351562,190.5,4025600
2024-12-13,185.5652618408203,191.58999633789062,192.22999572753906,188.3000030517578,188.80999755859375,4772800
2024-12-16,183.5022430419922,189.4600067138672,191.97999572753906,189.17999267578125,191.86000061035156,5829700
2024-12-17,182.2043914794922,188.1199951171875,191.5,187.50999450683594,189.1199951171875,5046100
2024-12-18,179.18247985839844,185.0,192.36000061035156,184.80999755859375,188.4499969482422,8281900
2024-12-19,178.66915893554688,184.47000122070312,187.36000061035156,183.8800048828125,186.88999938964844,6290000
2024-12-20,180.9936981201172,186.8699951171875,188.47000122070312,183.35000610351562,184.47000122070312,11462100
2024-12-23,184.16085815429688,190.13999938964844,190.4199981689453,186.02999877929688,186.02999877929688,4297600
2024-12-24,186.38853454589844,192.44000244140625,192.47000122070312,190.47000122070312,190.49000549316406,1950900
2024-12-26,185.70083618164062,191.72999572753906,192.72000122070312,190.52000427246094,190.61000061035156,2019000
2024-12-27,185.16815185546875,191.17999267578125,191.77999877929688,189.69000244140625,190.44000244140625,3253500
2024-12-30,182.04940795898438,187.9600067138672,189.69000244140625,187.2100067138672,189.69000244140625,4065200
2024-12-31,181.61355590820312,187.50999450683594,189.10000610351562,186.05999755859375,188.66000366210938,3050500
2025-01-02,181.0711669921875,186.9499969482422,190.1300048828125,184.97000122070312,189.32000732421875,4500500
2025-01-03,184.51922607421875,190.50999450683594,191.13999938964844,187.1999969482422,188.92999267578125,4574100
2025-01-06,186.13668823242188,192.17999267578125,193.77000427246094,189.24000549316406,190.25,4682000
2025-01-07,186.16575622558594,192.2100067138672,195.00999450683594,191.08999633789062,193.82000732421875,5035200
2025-01-08,185.633056640625,191.66000366210938,192.69000244140625,188.07000732421875,191.8000030517578,4230400
2025-01-10,184.1705322265625,190.14999389648438,192.91000366210938,188.4199981689453,192.91000366210938,7223500
2025-01-13,185.0809783935547,191.08999633789062,191.75999450683594,187.64999389648438,189.8300018310547,4799600
2025-01-14,187.4152069091797,193.5,193.61000061035156,190.17999267578125,191.5399932861328,4254200
2025-01-15,191.29910278320312,197.50999450683594,198.9499969482422,195.6699981689453,195.6699981689453,6288600
2025-01-16,181.47796630859375,187.3699951171875,195.47999572753906,187.13999938964844,195.1699981689453,7463300
2025-01-17,186.369140625,192.4199981689453,192.92999267578125,190.02000427246094,192.5399932861328,5407500
2025-01-21,189.09078979492188,195.22999572753906,196.5,191.60000610351562,191.6699981689453,9621700
2025-01-22,190.8535614013672,197.0500030517578,198.67999267578125,195.3000030517578,195.77000427246094,8222000
2025-01-23,194.30160522460938,200.61000061035156,200.63999938964844,193.80999755859375,194.82000732421875,12694700
2025-01-24,179.68614196777344,185.52000427246094,191.5,185.02999877929688,190.0,15856600
2025-01-27,181.14865112304688,187.02999877929688,190.08999633789062,183.6999969482422,185.75,11771300
2025-01-28,174.89178466796875,180.57000732421875,185.64999389648438,180.35000610351562,185.52999877929688,8720300
2025-01-29,174.60122680664062,180.27000427246094,181.6699981689453,179.61000061035156,181.02000427246094,4183800
2025-01-30,179.4440155029297,185.27000427246094,185.8699951171875,180.27000427246094,180.5,5807100
2025-01-31,180.1269989013672,184.61000061035156,189.02999877929688,183.0800018310547,183.77999877929688,6333700
2025-02-03,176.54612731933594,180.94000244140625,183.30999755859375,178.39999389648438,183.02999877929688,6311500
2025-02-04,176.1753387451172,180.55999755859375,183.0500030517578,179.5500030517578,180.02000427246094,5785700
2025-02-05,177.1803436279297,181.58999633789062,181.8000030517578,177.69000244140625,179.50999450683594,5939800
2025-02-06,178.8292999267578,183.27999877929688,183.63999938964844,180.33999633789062,181.27999877929688,5089800
2025-02-07,175.62893676757812,180.0,183.4199981689453,179.27999877929688,183.27999877929688,5380500
2025-02-10,175.93142700195312,180.30999755859375,181.57000732421875,179.10000610351562,181.35000610351562,3827100
2025-02-11,174.89715576171875,179.25,181.92999267578125,179.0,179.35000610351562,3795300
2025-02-12,175.61920166015625,179.99000549316406,180.44000244140625,176.75999450683594,177.47999572753906,5364200
2025-02-13,176.40951538085938,180.8000030517578,182.3000030517578,178.61000061035156,179.14999389648438,3737300
2025-02-14,178.5853729248047,183.02999877929688,184.72000122070312,181.05999755859375,181.50999450683594,4137900
2025-02-18,181.9320831298828,186.4600067138672,187.16000366210938,182.66000366210938,182.66000366210938,4578700
2025-02-19,191.55264282226562,196.32000732421875,197.9600067138672,188.72999572753906,189.74000549316406,8438300
2025-02-20,199.00711059570312,203.9600067138672,204.25999450683594,197.91000366210938,199.32000732421875,9190100
2025-02-21,197.09469604492188,202.0,205.75,201.30999755859375,204.66000366210938,7349900
2025-02-24,195.8653106689453,200.74000549316406,205.41000366210938,200.35000610351562,202.13999938964844,7675900
2025-02-25,195.12374877929688,199.97999572753906,202.58999633789062,198.44000244140625,201.47000122070312,7441700
2025-02-26,193.42601013183594,198.24000549316406,200.02999877929688,195.77999877929688,199.97999572753906,5611600
2025-02-27,186.65455627441406,191.3000030517578,198.1300048828125,191.14999389648438,197.5,7761700
2025-02-28,191.2306671142578,195.99000549316406,196.25,191.49000549316406,193.2899932861328,9024500
2025-03-03,189.6695098876953,194.38999938964844,200.25,193.58999633789062,199.00999450683594,6141300
2025-03-04,190.1085662841797,194.83999633789062,198.92999267578125,193.02000427246094,196.3699951171875,7159200
2025-03-05,190.82086181640625,195.57000732421875,197.0,190.75999450683594,195.22000122070312,5484400
2025-03-06,184.74212646484375,189.33999633789062,193.9199981689453,188.5,191.75999450683594,7120200
2025-03-07,185.8934783935547,190.52000427246094,191.27000427246094,185.72000122070312,189.25999450683594,7706800
2025-03-10,181.9613494873047,186.49000549316406,189.47000122070312,183.41000366210938,187.6199951171875,9161400
2025-03-11,173.0335235595703,177.33999633789062,188.3300018310547,176.91000366210938,188.11000061035156,7981400
2025-03-12,171.433349609375,175.6999969482422,179.6199951171875,174.75,178.25,5436100
2025-03-13,169.3843536376953,173.60000610351562,176.97000122070312,172.08999633789062,175.0800018310547,5277200
2025-03-14,172.1358642578125,176.4199981689453,176.86000061035156,175.07000732421875,175.60000610351562,4927900
2025-03-17,175.61920166015625,179.99000549316406,181.2899932861328,175.97000122070312,176.10000610351562,4940400
2025-03-18,175.09230041503906,179.4499969482422,179.77000427246094,177.61000061035156,179.6999969482422,4077700
2025-03-19,177.3267059326172,181.74000549316406,183.66000366210938,178.7100067138672,179.6699981689453,5675000
2025-03-20,176.29241943359375,180.67999267578125,181.80999755859375,178.5,179.41000366210938,4980000
2025-03-21,174.65322875976562,179.0,179.83999633789062,177.0399932861328,178.52999877929688,11822900
2025-03-24,181.00514221191406,185.50999450683594,187.47999572753906,182.52999877929688,182.9499969482422,5694900
2025-03-25,179.50253295898438,183.97000122070312,186.83999633789062,183.5500030517578,184.49000549316406,4357200
2025-03-26,180.00990295410156,184.49000549316406,186.00999450683594,183.27999877929688,184.25999450683594,5814200
2025-03-27,176.3704833984375,180.75999450683594,183.02000427246094,177.52000427246094,183.02000427246094,5035900
2025-03-28,172.04806518554688,176.3300018310547,180.72999572753906,175.5800018310547,179.66000366210938,5490600
2025-03-31,175.3362274169922,179.6999969482422,180.1999969482422,173.9600067138672,175.4199981689453,9222700
2025-04-01,173.66775512695312,177.99000549316406,179.55999755859375,174.27000427246094,179.27999877929688,5965400
2025-04-02,173.86289978027344,178.19000244140625,179.92999267578125,175.19000244140625,175.82000732421875,4368900
2025-04-03,160.21263122558594,164.1999969482422,174.19000244140625,164.0,171.83999633789062,11895300
2025-04-04,147.71368408203125,151.38999938964844,161.07000732421875,150.9600067138672,159.6699981689453,14976900
2025-04-07,150.26031494140625,154.0,162.89999389648438,145.1999969482422,150.91000366210938,18337200
2025-04-08,142.46434020996094,146.00999450683594,159.02999877929688,143.30999755859375,156.75,13902800
2025-04-09,165.3839111328125,169.5,172.82000732421875,144.25,145.1699981689453,21578500
2025-04-10,152.7971954345703,156.60000610351562,162.92999267578125,150.02000427246094,160.7899932861328,16019500
2025-04-11,144.01576232910156,147.60000610351562,149.8800048828125,139.9499969482422,144.0,21113300
2025-04-14,147.3136444091797,150.97999572753906,153.58999633789062,149.13999938964844,151.0399932861328,10356600
2025-04-15,147.5087890625,151.17999267578125,152.6999969482422,149.85000610351562,151.4199981689453,6958900
2025-04-16,142.99124145507812,146.5500030517578,149.72999572753906,142.55999755859375,147.22999572753906,10862500
2025-04-17,144.83534240722656,148.44000244140625,150.19000244140625,145.9199981689453,147.32000732421875,5739200
2025-04-21,142.0740509033203,145.61000061035156,146.74000549316406,142.63999938964844,145.4600067138672,8275000
2025-04-22,143.1961212158203,146.75999450683594,148.24000549316406,145.0800018310547,145.8699951171875,9139900
2025-04-23,148.4552459716797,152.14999389648438,155.33999633789062,151.27999877929688,153.1699981689453,14125000
2025-04-24,158.19288635253906,162.1300048828125,165.0,158.4199981689453,164.6300048828125,18950400
2025-04-25,158.90518188476562,162.86000061035156,163.6999969482422,160.52000427246094,161.83999633789062,8383300
2025-04-28,158.495361328125,162.44000244140625,163.5399932861328,159.72000122070312,163.35000610351562,5170500
2025-04-29,156.8659210205078,160.77000427246094,162.35000610351562,158.75,159.49000549316406,6566500
2025-04-30,157.49569702148438,160.0500030517578,160.6300048828125,154.89999389648438,156.3699951171875,6158600
2025-05-01,155.73426818847656,158.25999450683594,162.07000732421875,158.05999755859375,160.83999633789062,6124900
2025-05-02,161.884521484375,164.50999450683594,166.35000610351562,161.0800018310547,161.74000549316406,7642400
2025-05-05,159.827880859375,162.4199981689453,164.10000610351562,161.11000061035156,162.42999267578125,4803600
2025-05-06,158.51910400390625,161.08999633789062,162.00999450683594,159.11000061035156,160.30999755859375,4531400
2025-05-07,162.16004943847656,164.7899932861328,165.52000427246094,161.89999389648438,162.3300018310547,5669700
2025-05-08,162.99649047851562,165.63999938964844,168.42999267578125,164.63999938964844,166.9199981689453,5171200
2025-05-09,169.5206756591797,172.27000427246094,172.60000610351562,169.61000061035156,170.07000732421875,8655100
2025-05-12,184.29112243652344,187.27999877929688,189.36000061035156,185.11000061035156,185.64999389648438,16210400
2025-05-13,185.19644165039062,188.1999969482422,189.50999450683594,186.33999633789062,186.33999633789062,9837500
2025-05-14,184.35015869140625,187.33999633789062,187.72999572753906,185.0500030517578,187.47000122070312,6552300
2025-05-15,184.8323516845703,187.8300018310547,189.75999450683594,185.50999450683594,186.1699981689453,5534000
2025-05-16,185.49166870117188,188.5,189.30999755859375,186.80999755859375,189.30999755859375,4518700
2025-05-19,185.33421325683594,188.33999633789062,188.47999572753906,184.25,185.0,6460900
2025-05-20,185.6983184814453,188.7100067138672,189.0,186.9199981689453,188.33999633789062,5289200
2025-05-21,182.4608154296875,185.4199981689453,189.89999389648438,184.72999572753906,186.5,8977400
2025-05-22,177.33396911621094,180.2100067138672,186.91000366210938,179.97999572753906,185.94000244140625,7500800
2025-05-23,173.48635864257812,176.3000030517578,177.2899932861328,173.75,177.00999450683594,7416700
2025-05-27,180.31561279296875,183.24000549316406,183.3300018310547,177.83999633789062,179.10000610351562,7939400
2025-05-28,181.21107482910156,184.14999389648438,185.9199981689453,183.08999633789062,183.35000610351562,5752800
2025-05-29,182.0376739501953,184.99000549316406,186.47999572753906,182.92999267578125,186.24000549316406,4533800
2025-05-30,179.9318389892578,182.85000610351562,185.13999938964844,179.75999450683594,184.97999572753906,15101100
2025-06-02,181.27012634277344,184.2100067138672,184.7100067138672,181.61000061035156,181.85000610351562,5648300
2025-06-03,185.078369140625,188.0800018310547,188.5,182.6199951171875,183.24000549316406,5612600
2025-06-04,187.6762237548828,190.72000122070312,192.10000610351562,188.47999572753906,188.91000366210938,5780600
2025-06-05,187.4499053955078,190.49000549316406,194.2899932861328,189.32000732421875,192.91000366210938,6017700
2025-06-06,189.34909057617188,192.4199981689453,194.83999633789062,192.25999450683594,193.69000244140625,5338800
2025-06-09,196.03074645996094,199.2100067138672,200.42999267578125,193.47000122070312,193.74000549316406,6869700
2025-06-10,199.0615692138672,202.2899932861328,203.1699981689453,199.47999572753906,199.97999572753906,6247700
2025-06-11,196.50308227539062,199.69000244140625,203.35000610351562,198.14999389648438,203.30999755859375,5062100
2025-06-12,196.4735565185547,199.66000366210938,200.32000732421875,198.11000061035156,198.25,3257600
2025-06-13,191.88792419433594,195.0,199.0399932861328,194.47000122070312,196.08999633789062,5138200
2025-06-16,196.0405731201172,199.22000122070312,199.86000061035156,196.60000610351562,197.27999877929688,5864500
2025-06-17,194.53500366210938,197.69000244140625,200.6199951171875,196.8800048828125,198.0,4656300
2025-06-18,195.18446350097656,198.35000610351562,200.57000732421875,197.2899932861328,198.60000610351562,3742000
2025-06-20,195.03684997558594,198.1999969482422,200.92999267578125,196.5800018310547,200.41000366210938,12910000
2025-06-23,198.17593383789062,201.38999938964844,201.8300018310547,198.36000061035156,199.0,4565400
2025-06-24,202.52540588378906,205.80999755859375,206.1999969482422,203.0,203.22999572753906,7597800
2025-06-25,202.10226440429688,205.3800048828125,206.4199981689453,203.30999755859375,206.02999877929688,4748300
2025-06-26,203.01742553710938,206.30999755859375,207.32000732421875,205.77000427246094,206.30999755859375,4579200
2025-06-27,203.775146484375,207.0800018310547,207.69000244140625,205.2899932861328,205.5,8585100
2025-06-30,204.3065185546875,207.6199951171875,208.3800048828125,206.44000244140625,207.08999633789062,5319900
2025-07-01,207.0913543701172,210.4499969482422,211.67999267578125,206.49000549316406,207.0,5856200
2025-07-02,212.14930725097656,215.58999633789062,216.17999267578125,209.47999572753906,210.44000244140625,5533400
2025-07-03,212.5724639892578,216.02000427246094,216.94000244140625,214.72000122070312,215.25,2561100
2025-07-07,210.00411987304688,213.41000366210938,215.6300048828125,212.1999969482422,215.02000427246094,5221400
2025-07-08,213.17271423339844,216.6300048828125,219.3699951171875,214.02000427246094,215.0,6844600
2025-07-09,212.93655395507812,216.38999938964844,218.89999389648438,215.1999969482422,216.94000244140625,5231400
2025-07-10,216.15435791015625,219.66000366210938,220.77999877929688,217.55999755859375,219.27999877929688,3971400
2025-07-11,217.718994140625,221.25,221.69000244140625,218.22000122070312,219.75,5396300
2025-07-14,216.53814697265625,220.0500030517578,220.25999450683594,217.3000030517578,219.41000366210938,4723600
2025-07-15,214.8751220703125,218.36000061035156,221.39999389648438,217.97000122070312,220.77000427246094,4419700
2025-07-16,213.1825714111328,216.63999938964844,218.61000061035156,211.7100067138672,218.39999389648438,6420900
2025-07-17,213.1333465576172,216.58999633789062,217.0,215.49000549316406,216.13999938964844,4920100
2025-07-18,213.16287231445312,216.6199951171875,218.64999389648438,215.91000366210938,218.49000549316406,4550100
2025-07-21,211.14559936523438,214.57000732421875,219.0,214.2100067138672,217.44000244140625,8269800
2025-07-22,211.49000549316406,214.9199981689453,216.0,212.16000366210938,214.0399932861328,11730800
2025-07-23,183.27757263183594,186.25,195.0,185.2899932861328,194.89999389648438,30755700
2025-07-24,182.72650146484375,185.69000244140625,187.88999938964844,185.02999877929688,186.4199981689453,9049500
2025-07-25,182.0376739501953,184.99000549316406,185.8800048828125,183.1999969482422,185.6999969482422,7031800
2025-07-28,186.2296905517578,189.25,190.5399932861328,187.75,187.8800048828125,8586800
2025-07-29,188.32569885253906,191.3800048828125,192.88999938964844,188.89999389648438,189.7100067138672,7144700
2025-07-30,186.49539184570312,189.52000427246094,192.5800018310547,188.3000030517578,192.14999389648438,6985100
2025-07-31,179.45819091796875,181.05999755859375,186.91000366210938,179.80999755859375,186.13999938964844,10144000
2025-08-01,179.2599639892578,180.86000061035156,181.58999633789062,177.9199981689453,179.6300048828125,6625100
2025-08-04,181.11341857910156,182.72999572753906,183.4499969482422,180.6300048828125,181.72000122070312,4682700
2025-08-05,183.75979614257812,185.39999389648438,186.49000549316406,183.58999633789062,184.9499969482422,5761900
2025-08-06,184.26528930664062,185.91000366210938,186.89999389648438,184.0,184.69000244140625,7089000
2025-08-07,184.26528930664062,185.91000366210938,191.49000549316406,184.72999572753906,190.75999450683594,6563900
2025-08-08,185.56370544433594,187.22000122070312,187.63999938964844,184.66000366210938,185.69000244140625,5946200
2025-08-11,182.0847625732422,183.7100067138672,188.8699951171875,183.39999389648438,187.44000244140625,6457800
2025-08-12,191.26283264160156,192.97000122070312,193.83999633789062,185.22000122070312,185.27999877929688,9961500
2025-08-13,191.57998657226562,193.2899932861328,194.1199951171875,190.9600067138672,193.5800018310547,4966300
2025-08-14,191.9962921142578,193.7100067138672,194.24000549316406,190.02999877929688,191.17999267578125,3917300
2025-08-15,192.8486785888672,194.57000732421875,195.3699951171875,192.49000549316406,193.60000610351562,5872900
2025-08-18,192.6107940673828,194.3300018310547,195.52000427246094,193.5,194.57000732421875,2763600
2025-08-19,194.20655822753906,195.94000244140625,197.64999389648438,193.7899932861328,194.6699981689453,5491100
2025-08-20,198.99383544921875,200.77000427246094,201.22999572753906,193.4499969482422,197.5,8107300
2025-08-21,198.93435668945312,200.7100067138672,202.17999267578125,199.4499969482422,199.5800018310547,5291100
2025-08-22,204.2370147705078,206.05999755859375,209.08999633789062,201.88999938964844,202.0800018310547,6177700
2025-08-25,204.1478271484375,205.97000122070312,207.0,204.5399932861328,206.0,3442600
2025-08-26,204.15773010253906,205.97999572753906,207.41000366210938,205.24000549316406,205.77999877929688,4549700
2025-08-27,203.65225219726562,205.47000122070312,205.6999969482422,203.25,204.9600067138672,4189700
2025-08-28,202.28445434570312,204.08999633789062,207.1300048828125,203.61000061035156,205.8300018310547,6166400
2025-08-29,200.68869018554688,202.47999572753906,204.0500030517578,201.55999755859375,203.50999450683594,5372700
2025-09-02,198.0423126220703,199.80999755859375,200.1699981689453,196.75999450683594,199.3800048828125,6238400
2025-09-03,194.00833129882812,195.74000549316406,200.0800018310547,191.3800048828125,199.22000122070312,7039600
2025-09-04,185.63307189941406,187.2899932861328,188.67999267578125,181.69000244140625,183.75999450683594,11335900
2025-09-05,186.2674102783203,187.92999267578125,189.27999877929688,185.2899932861328,187.0800018310547,9491200
2025-09-08,184.17608642578125,185.82000732421875,188.3699951171875,183.07000732421875,188.14999389648438,9701200
2025-09-09,183.39306640625,185.02999877929688,185.66000366210938,183.66000366210938,184.39999389648438,6135000
2025-09-10,182.38209533691406,184.00999450683594,185.49000549316406,182.94000244140625,185.0399932861328,5957500
2025-09-11,182.71910095214844,184.35000610351562,184.80999755859375,182.25999450683594,184.50999450683594,6596000
2025-09-12,180.9845733642578,182.60000610351562,184.33999633789062,182.33999633789062,184.11000061035156,6284200
2025-09-15,176.6234893798828,178.1999969482422,179.22000122070312,174.00999450683594,175.8800048828125,11658400
2025-09-16,176.0585479736328,177.6300048828125,181.13999938964844,177.27999877929688,178.74000549316406,7920300
2025-09-17,178.70492553710938,180.3000030517578,182.57000732421875,177.61000061035156,177.83999633789062,7209700
2025-09-18,180.0132293701172,181.6199951171875,183.72000122070312,180.30999755859375,183.24000549316406,7937100
2025-09-19,177.78314208984375,179.3699951171875,183.25,178.1699981689453,182.58999633789062,16206700
2025-09-22,178.0309295654297,179.6199951171875,181.41000366210938,179.30999755859375,179.39999389648438,7030300
2025-09-23,180.4295196533203,182.0399932861328,182.6699981689453,179.67999267578125,179.8699951171875,5900800
2025-09-24,182.80828857421875,184.44000244140625,185.16000366210938,181.10000610351562,181.72000122070312,5905100
2025-09-25,180.4295196533203,182.0399932861328,183.66000366210938,180.11000061035156,183.64999389648438,4042300
2025-09-26,182.91732788085938,184.5500030517578,187.2899932861328,183.07000732421875,185.9600067138672,6206300
2025-09-29,181.60899353027344,183.22999572753906,186.10000610351562,183.0,185.47000122070312,5090700
2025-09-30,182.1045684814453,183.72999572753906,183.97000122070312,181.30999755859375,182.75,3873100
2025-10-01,178.79412841796875,180.38999938964844,184.50999450683594,178.3300018310547,181.97000122070312,7705000
2025-10-02,180.70706176757812,182.32000732421875,184.6199951171875,179.83999633789062,180.77000427246094,6798000
2025-10-03,178.72474670410156,180.32000732421875,185.4600067138672,180.16000366210938,182.77999877929688,5167600
2025-10-06,180.20155334472656,181.80999755859375,183.22999572753906,179.3000030517578,181.0,6019800
2025-10-07,175.48367309570312,177.0500030517578,182.02000427246094,176.9600067138672,181.75999450683594,5396100
2025-10-08,179.99342346191406,181.60000610351562,181.92999267578125,176.8300018310547,176.8300018310547,6377700
2025-10-09,177.3767852783203,178.9600067138672,180.6999969482422,177.6199951171875,180.49000549316406,5006100
2025-10-10,170.18099975585938,171.6999969482422,181.57000732421875,171.5,179.6199951171875,9630200
2025-10-13,173.5608367919922,175.11000061035156,176.10000610351562,172.39999389648438,172.8300018310547,8610300
2025-10-14,172.40118408203125,173.94000244140625,176.27000427246094,171.4499969482422,171.97000122070312,9919400
2025-10-15,173.71942138671875,175.27000427246094,176.16000366210938,171.1300048828125,174.02000427246094,9416800
2025-10-16,173.92755126953125,175.47999572753906,177.5,174.05999755859375,175.38999938964844,7188200
2025-10-17,175.01783752441406,176.5800018310547,177.6300048828125,174.57000732421875,175.0500030517578,5082600
2025-10-20,178.00119018554688,179.58999633789062,181.11000061035156,172.50999450683594,172.50999450683594,6620200
2025-10-21,179.24014282226562,180.83999633789062,181.83999633789062,178.83999633789062,179.47000122070312,10301500
2025-10-22,169.19976806640625,170.7100067138672,173.0800018310547,163.0399932861328,163.9600067138672,25834500
2025-10-23,170.6666717529297,172.19000244140625,173.75999450683594,169.75,170.0,8412500
2025-10-24,167.6337432861328,169.1300048828125,174.14999389648438,168.7899932861328,174.00999450683594,7691800
2025-10-27,167.91127014160156,169.41000366210938,170.3699951171875,168.67999267578125,169.82000732421875,8606300
2025-10-28,165.43338012695312,166.91000366210938,169.50999450683594,166.49000549316406,169.13999938964844,9646600
2025-10-29,158.8422088623047,160.25999450683594,166.72000122070312,159.8300018310547,166.72000122070312,11961900
2025-10-30,159.08999633789062,160.50999450683594,162.63999938964844,159.97000122070312,160.14999389648438,9477600
2025-10-31,161.4600067138672,161.4600067138672,162.0,157.8000030517578,158.36000061035156,8707900
2025-11-03,161.4600067138672,161.4600067138672,163.4499969482422,160.07000732421875,162.33999633789062,5208300
2025-11-04,159.36000061035156,159.36000061035156,162.30999755859375,158.1300048828125,161.17999267578125,11462300
2025-11-05,163.57000732421875,163.57000732421875,165.6199951171875,159.38999938964844,159.38999938964844,9770200
2025-11-06,161.3800048828125,161.3800048828125,163.80999755859375,161.08999633789062,162.75,5859500
2025-11-07,160.5500030517578,160.5500030517578,160.60000610351562,156.88999938964844,160.3800048828125,8837700
2025-11-10,160.5800018310547,160.5800018310547,163.3699951171875,158.49000549316406,162.0,7677900
2025-11-11,159.72999572753906,159.72999572753906,162.1699981689453,159.24000549316406,160.4199981689453,7274200
2025-11-12,163.08999633789062,163.08999633789062,164.52999877929688,160.39999389648438,160.85000610351562,6241200
2025-11-13,162.22999572753906,162.22999572753906,165.44000244140625,161.47999572753906,162.52999877929688,7719600
2025-11-14,159.3300018310547,159.3300018310547,160.8800048828125,158.3000030517578,160.5,6041500
2025-11-17,154.99000549316406,154.99000549316406,159.75,153.5399932861328,158.6300048828125,7343400
2025-11-18,157.32000732421875,157.32000732421875,158.08999633789062,153.5399932861328,154.5500030517578,8164700
2025-11-19,157.08999633789062,157.08999633789062,159.1699981689453,155.1300048828125,156.57000732421875,5568500
2025-11-20,153.3300018310547,153.3300018310547,159.25,152.72999572753906,158.16000366210938,7890900
2025-11-21,159.39999389648438,159.39999389648438,161.16000366210938,153.41000366210938,153.4199981689453,11711300
2025-11-24,161.25999450683594,161.25999450683594,162.6999969482422,158.97000122070312,159.72000122070312,9466500
2025-11-25,161.77000427246094,161.77000427246094,161.9499969482422,158.69000244140625,159.72000122070312,7406700
2025-11-26,165.35000610351562,165.35000610351562,167.0399932861328,162.0500030517578,162.32000732421875,7346300
2025-11-28,168.27000427246094,168.27000427246094,169.25,165.4199981689453,166.0399932861328,4018100
2025-12-01,168.16000366210938,168.16000366210938,169.6699981689453,166.52999877929688,166.83999633789062,6170800
2025-12-02,175.25999450683594,175.25999450683594,177.8800048828125,168.00999450683594,168.7100067138672,9438900
2025-12-03,182.60000610351562,182.60000610351562,183.0,175.5800018310547,176.82000732421875,9259300
2025-12-04,180.1199951171875,180.1199951171875,183.91000366210938,178.94000244140625,183.24000549316406,6724100
2025-12-05,182.5399932861328,182.5399932861328,184.75999450683594,180.6300048828125,180.8699951171875,6584600
2025-12-08,180.94000244140625,180.94000244140625,183.6999969482422,179.52999877929688,183.50999450683594,6427600
2025-12-09,179.52000427246094,179.52000427246094,181.8800048828125,179.39999389648438,179.91000366210938,3760400
2025-12-10,181.6699981689453,181.6699981689453,182.72000122070312,177.5,177.8300018310547,5268900
2025-12-11,181.6699981689453,181.6699981689453,182.02000427246094,179.17999267578125,180.27999877929688,4838000
2025-12-12,179.4199981689453,179.4199981689453,183.22999572753906,178.64999389648438,181.7899932861328,5980500
2025-12-15,177.97000122070312,177.97000122070312,179.36000061035156,174.0,175.35000610351562,9037500
2025-12-16,177.55999755859375,177.55999755859375,179.02999877929688,176.0,178.33999633789062,5746900
2025-12-17,174.49000549316406,174.49000549316406,179.63999938964844,173.69000244140625,177.8699951171875,8865600
2025-12-18,176.19000244140625,176.19000244140625,178.89999389648438,175.89999389648438,176.8000030517578,8546200
2025-12-19,176.2899932861328,176.2899932861328,178.24000549316406,175.58999633789062,175.72000122070312,19091700
